ST_NAME,PC_NAME,WIKIDATA,ST_CODE,PC_CODE,Res,MS_FB_PARE,MS_FB
AN,Andaman and Nicobar Islands,Q3530684,U01,1,GEN,country:in/union-territory:an,country:in/union-territory:an/lok-sabha:1
AP,Zahirabad,Q8064692,S01,5,GEN,country:in/state:ap,country:in/state:ap/lok-sabha:5
AP,Araku,Q3633068,S01,18,ST,country:in/state:ap,country:in/state:ap/lok-sabha:18
AP,Khammam,Q3764091,S01,17,GEN,country:in/state:ap,country:in/state:ap/lok-sabha:17
AP,Medak,Q3764036,S01,6,GEN,country:in/state:ap,country:in/state:ap/lok-sabha:6
AP,Anakapalli,Q3630236,S01,22,GEN,country:in/state:ap,country:in/state:ap/lok-sabha:22
AP,Bhuvanagiri,Q4901952,S01,14,GEN,country:in/state:ap,country:in/state:ap/lok-sabha:14
AP,Chevella,Q5094314,S01,10,GEN,country:in/state:ap,country:in/state:ap/lok-sabha:10
AP,Srikakulam,Q3764487,S01,19,GEN,country:in/state:ap,country:in/state:ap/lok-sabha:19
AP,Eluru,Q3764062,S01,27,GEN,country:in/state:ap,country:in/state:ap/lok-sabha:27
AP,Secunderabad,Q3764327,S01,8,GEN,country:in/state:ap,country:in/state:ap/lok-sabha:8
AP,Peddapalli,Q3764496,S01,2,SC,country:in/state:ap,country:in/state:ap/lok-sabha:2
AP,Rajahmundry,Q3764342,S01,25,GEN,country:in/state:ap,country:in/state:ap/lok-sabha:25
AP,Nalgonda,Q3763969,S01,13,GEN,country:in/state:ap,country:in/state:ap/lok-sabha:13
AP,Narsapuram,Q3763879,S01,26,GEN,country:in/state:ap,country:in/state:ap/lok-sabha:26
AP,Nagarkurnool,Q3630009,S01,12,SC,country:in/state:ap,country:in/state:ap/lok-sabha:12
AP,Amalapuram,Q3630204,S01,24,SC,country:in/state:ap,country:in/state:ap/lok-sabha:24
AP,Narasaraopet,Q3764443,S01,31,GEN,country:in/state:ap,country:in/state:ap/lok-sabha:31
AP,Machilipatnam,Q3765244,S01,28,GEN,country:in/state:ap,country:in/state:ap/lok-sabha:28
AP,Guntur,Q3764410,S01,30,GEN,country:in/state:ap,country:in/state:ap/lok-sabha:30
AP,Ongole,Q3764026,S01,33,GEN,country:in/state:ap,country:in/state:ap/lok-sabha:33
AP,Bapatla,Q3630032,S01,32,SC,country:in/state:ap,country:in/state:ap/lok-sabha:32
AP,Kurnool,Q3763840,S01,35,GEN,country:in/state:ap,country:in/state:ap/lok-sabha:35
AP,Karimnagar,Q3764353,S01,3,GEN,country:in/state:ap,country:in/state:ap/lok-sabha:3
AP,Nizamabad,Q3764335,S01,4,GEN,country:in/state:ap,country:in/state:ap/lok-sabha:4
AP,Vizianagaram,Q7938017,S01,20,GEN,country:in/state:ap,country:in/state:ap/lok-sabha:20
AP,Kakinada,Q3764050,S01,23,GEN,country:in/state:ap,country:in/state:ap/lok-sabha:23
AP,Adilabad,Q3630014,S01,1,ST,country:in/state:ap,country:in/state:ap/lok-sabha:1
AP,Rajampet,Q3764476,S01,41,GEN,country:in/state:ap,country:in/state:ap/lok-sabha:41
AP,Nellore,Q3764509,S01,39,GEN,country:in/state:ap,country:in/state:ap/lok-sabha:39
AP,Anantapuramu,Q3630239,S01,36,GEN,country:in/state:ap,country:in/state:ap/lok-sabha:36
AP,Kadapa,Q3764405,S01,38,GEN,country:in/state:ap,country:in/state:ap/lok-sabha:38
AP,Nandyal,Q3764367,S01,34,GEN,country:in/state:ap,country:in/state:ap/lok-sabha:34
AP,Mahabubabad,Q6732720,S01,16,ST,country:in/state:ap,country:in/state:ap/lok-sabha:16
AP,Chittoor,Q3763885,S01,42,SC,country:in/state:ap,country:in/state:ap/lok-sabha:42
AP,Tirupati,Q3764514,S01,40,SC,country:in/state:ap,country:in/state:ap/lok-sabha:40
AP,Hindupur,Q3764429,S01,37,GEN,country:in/state:ap,country:in/state:ap/lok-sabha:37
AP,Mahbubnagar,Q16556627,S01,11,GEN,country:in/state:ap,country:in/state:ap/lok-sabha:11
AP,Vijayawada,Q3765236,S01,29,GEN,country:in/state:ap,country:in/state:ap/lok-sabha:29
AP,Visakhapatnam,Q3763974,S01,21,GEN,country:in/state:ap,country:in/state:ap/lok-sabha:21
AP,Warangal,Q3763938,S01,15,SC,country:in/state:ap,country:in/state:ap/lok-sabha:15
AP,Hyderabad,Q3764307,S01,9,GEN,country:in/state:ap,country:in/state:ap/lok-sabha:9
AP,Malkajgiri,Q6743862,S01,7,GEN,country:in/state:ap,country:in/state:ap/lok-sabha:7
AR,Arunachal West,Q1659305,S02,1,GEN,country:in/state:ar,country:in/state:ar/lok-sabha:1
AR,Arunachal East,Q1659329,S02,2,GEN,country:in/state:ar,country:in/state:ar/lok-sabha:2
AS,Lakhimpur,Q1609659,S03,14,GEN,country:in/state:as,country:in/state:as/lok-sabha:14
AS,Dibrugarh,Q1606690,S03,13,GEN,country:in/state:as,country:in/state:as/lok-sabha:13
AS,Jorhat,Q6278852,S03,12,GEN,country:in/state:as,country:in/state:as/lok-sabha:12
AS,Tezpur,Q1606703,S03,9,GEN,country:in/state:as,country:in/state:as/lok-sabha:9
AS,Kaliabor,Q1606642,S03,11,GEN,country:in/state:as,country:in/state:as/lok-sabha:11
AS,Mangaldoi,Q1606654,S03,8,GEN,country:in/state:as,country:in/state:as/lok-sabha:8
AS,Nowgong,Q1606595,S03,10,GEN,country:in/state:as,country:in/state:as/lok-sabha:10
AS,Autonomous District,Q1606679,S03,3,ST,country:in/state:as,country:in/state:as/lok-sabha:3
AS,Dhubri,Q1606616,S03,4,GEN,country:in/state:as,country:in/state:as/lok-sabha:4
AS,Karimganj,Q1606665,S03,1,SC,country:in/state:as,country:in/state:as/lok-sabha:1
AS,Silchar,Q1606626,S03,2,GEN,country:in/state:as,country:in/state:as/lok-sabha:2
AS,Kokrajhar,Q1606670,S03,5,ST,country:in/state:as,country:in/state:as/lok-sabha:5
AS,Gauhati,Q1606633,S03,7,GEN,country:in/state:as,country:in/state:as/lok-sabha:7
AS,Barpeta,Q1606606,S03,6,GEN,country:in/state:as,country:in/state:as/lok-sabha:6
BR,Muzaffarpur,Q3633305,S04,15,GEN,country:in/state:br,country:in/state:br/lok-sabha:15
BR,Valmiki Nagar,Q7912496,S04,1,GEN,country:in/state:br,country:in/state:br/lok-sabha:1
BR,Araria,Q3632717,S04,9,GEN,country:in/state:br,country:in/state:br/lok-sabha:9
BR,Gopalganj,Q3633217,S04,17,SC,country:in/state:br,country:in/state:br/lok-sabha:17
BR,Siwan,Q7532526,S04,18,GEN,country:in/state:br,country:in/state:br/lok-sabha:18
BR,Vaishali,Q7908854,S04,16,GEN,country:in/state:br,country:in/state:br/lok-sabha:16
BR,Jhanjharpur,Q6190886,S04,7,GEN,country:in/state:br,country:in/state:br/lok-sabha:7
BR,Supaul,Q12457988,S04,8,GEN,country:in/state:br,country:in/state:br/lok-sabha:8
BR,Paschim Champaran,Q7141801,S04,2,GEN,country:in/state:br,country:in/state:br/lok-sabha:2
BR,Madhubani,Q3632704,S04,6,GEN,country:in/state:br,country:in/state:br/lok-sabha:6
BR,Kishanganj,Q12419668,S04,10,GEN,country:in/state:br,country:in/state:br/lok-sabha:10
BR,Darbhanga,Q5222212,S04,14,GEN,country:in/state:br,country:in/state:br/lok-sabha:14
BR,Purnia,Q3633423,S04,12,GEN,country:in/state:br,country:in/state:br/lok-sabha:12
BR,Maharajganj (Bihar),Q6733273,S04,19,GEN,country:in/state:br,country:in/state:br/lok-sabha:19
BR,Madhepura,Q6727343,S04,13,GEN,country:in/state:br,country:in/state:br/lok-sabha:13
BR,Begusarai,Q4880639,S04,24,GEN,country:in/state:br,country:in/state:br/lok-sabha:24
BR,Arrah,Q3632604,S04,32,GEN,country:in/state:br,country:in/state:br/lok-sabha:32
BR,Sasaram,Q3633377,S04,34,SC,country:in/state:br,country:in/state:br/lok-sabha:34
BR,Nawada,Q3633321,S04,39,GEN,country:in/state:br,country:in/state:br/lok-sabha:39
BR,Banka,Q4856235,S04,27,GEN,country:in/state:br,country:in/state:br/lok-sabha:27
BR,Nalanda,Q6960794,S04,29,GEN,country:in/state:br,country:in/state:br/lok-sabha:29
BR,Katihar,Q3633289,S04,11,GEN,country:in/state:br,country:in/state:br/lok-sabha:11
BR,Samastipur,Q7408890,S04,23,SC,country:in/state:br,country:in/state:br/lok-sabha:23
BR,Khagaria,Q6398963,S04,25,GEN,country:in/state:br,country:in/state:br/lok-sabha:25
BR,Pataliputra,Q7144222,S04,31,GEN,country:in/state:br,country:in/state:br/lok-sabha:31
BR,Buxar,Q5003234,S04,33,GEN,country:in/state:br,country:in/state:br/lok-sabha:33
BR,Patna Sahib (Lok Sabha constituency),Q7145114,S04,30,GEN,country:in/state:br,country:in/state:br/lok-sabha:30
BR,Bhagalpur,Q3633257,S04,26,GEN,country:in/state:br,country:in/state:br/lok-sabha:26
BR,Munger,Q3633242,S04,28,GEN,country:in/state:br,country:in/state:br/lok-sabha:28
BR,Purvi Champaran,Q7261669,S04,3,GEN,country:in/state:br,country:in/state:br/lok-sabha:3
BR,Sheohar,Q7494394,S04,4,GEN,country:in/state:br,country:in/state:br/lok-sabha:4
BR,Sitamarhi,Q7531640,S04,5,GEN,country:in/state:br,country:in/state:br/lok-sabha:5
BR,Ujiarpur,Q7878191,S04,22,GEN,country:in/state:br,country:in/state:br/lok-sabha:22
BR,Hajipur,Q3633148,S04,21,SC,country:in/state:br,country:in/state:br/lok-sabha:21
BR,Karakat,Q6368090,S04,35,GEN,country:in/state:br,country:in/state:br/lok-sabha:35
BR,Saran,Q7423046,S04,20,GEN,country:in/state:br,country:in/state:br/lok-sabha:20
BR,Jamui,Q12428079,S04,40,SC,country:in/state:br,country:in/state:br/lok-sabha:40
BR,Aurangabad (Bihar),Q4822111,S04,37,GEN,country:in/state:br,country:in/state:br/lok-sabha:37
BR,Gaya,Q3633170,S04,38,SC,country:in/state:br,country:in/state:br/lok-sabha:38
BR,Jahanabad,Q12428505,S04,36,GEN,country:in/state:br,country:in/state:br/lok-sabha:36
CG,Janjgir,Q6154769,S26,3,SC,country:in/state:ct,country:in/state:ct/lok-sabha:3
CG,Raipur,Q12449885,S26,8,GEN,country:in/state:ct,country:in/state:ct/lok-sabha:8
CG,Surguja,Q255234,S26,1,ST,country:in/state:ct,country:in/state:ct/lok-sabha:1
CG,Bilaspur,Q4907564,S26,5,GEN,country:in/state:ct,country:in/state:ct/lok-sabha:5
CG,Rajnandgaon,Q7286332,S26,6,GEN,country:in/state:ct,country:in/state:ct/lok-sabha:6
CG,Durg,Q3632662,S26,7,GEN,country:in/state:ct,country:in/state:ct/lok-sabha:7
CG,Mahasamund,Q12446106,S26,9,GEN,country:in/state:ct,country:in/state:ct/lok-sabha:9
CG,Raigad,Q7283812,S26,2,ST,country:in/state:ct,country:in/state:ct/lok-sabha:2
CG,Kanker,Q12418918,S26,11,ST,country:in/state:ct,country:in/state:ct/lok-sabha:11
CG,Bastar,Q4868222,S26,10,ST,country:in/state:ct,country:in/state:ct/lok-sabha:10
CG,Korba,Q6431463,S26,4,GEN,country:in/state:ct,country:in/state:ct/lok-sabha:4
CH,Chandigarh,Q5071061,U02,1,GEN,country:in/union-territory:ch,country:in/union-territory:ch/lok-sabha:1
DD,Daman and Diu,Q5211945,U04,1,GEN,country:in/union-territory:dd,country:in/union-territory:dd/lok-sabha:1
DL,West Delhi,Q7984938,U05,6,GEN,country:in/union-territory:dl,country:in/union-territory:dl/lok-sabha:6
DL,North West Delhi,Q7057245,U05,5,SC,country:in/union-territory:dl,country:in/union-territory:dl/lok-sabha:5
DL,Chandni Chowk,Q5071226,U05,1,GEN,country:in/union-territory:dl,country:in/union-territory:dl/lok-sabha:1
DL,North East Delhi,Q7055185,U05,2,GEN,country:in/union-territory:dl,country:in/union-territory:dl/lok-sabha:2
DL,South Delhi,Q7567023,U05,7,GEN,country:in/union-territory:dl,country:in/union-territory:dl/lok-sabha:7
DL,East Delhi,Q5328213,U05,3,GEN,country:in/union-territory:dl,country:in/union-territory:dl/lok-sabha:3
DL,New Delhi,Q13118215,U05,4,GEN,country:in/union-territory:dl,country:in/union-territory:dl/lok-sabha:4
DN,Dadra and Nagar Haveli,Q5208111,U03,1,ST,country:in/union-territory:dn,country:in/union-territory:dn/lok-sabha:1
GA,South Goa,Q7567370,S05,2,GEN,country:in/state:ga,country:in/state:ga/lok-sabha:2
GA,North Goa,Q12416142,S05,1,GEN,country:in/state:ga,country:in/state:ga/lok-sabha:1
GJ,Bardoli,Q4860193,S06,23,ST,country:in/state:gj,country:in/state:gj/lok-sabha:23
GJ,Junagadh,Q6311592,S06,13,GEN,country:in/state:gj,country:in/state:gj/lok-sabha:13
GJ,Surat,Q7645435,S06,24,GEN,country:in/state:gj,country:in/state:gj/lok-sabha:24
GJ,Kheda,Q6401180,S06,17,GEN,country:in/state:gj,country:in/state:gj/lok-sabha:17
GJ,Ahmedabad West,Q3764468,S06,8,SC,country:in/state:gj,country:in/state:gj/lok-sabha:8
GJ,Jamnagar,Q6148068,S06,12,GEN,country:in/state:gj,country:in/state:gj/lok-sabha:12
GJ,Sabarkantha,Q7395911,S06,5,GEN,country:in/state:gj,country:in/state:gj/lok-sabha:5
GJ,Banaskantha,Q3764387,S06,2,GEN,country:in/state:gj,country:in/state:gj/lok-sabha:2
GJ,Patan,Q7144231,S06,3,GEN,country:in/state:gj,country:in/state:gj/lok-sabha:3
GJ,Panchmahal,Q7130343,S06,18,GEN,country:in/state:gj,country:in/state:gj/lok-sabha:18
GJ,Dahod,Q5208930,S06,19,ST,country:in/state:gj,country:in/state:gj/lok-sabha:19
GJ,Vadodara,Q7908337,S06,20,GEN,country:in/state:gj,country:in/state:gj/lok-sabha:20
GJ,Anand,Q4751232,S06,16,GEN,country:in/state:gj,country:in/state:gj/lok-sabha:16
GJ,Amreli,Q3765227,S06,14,GEN,country:in/state:gj,country:in/state:gj/lok-sabha:14
GJ,Ahmedabad East,Q4696121,S06,7,GEN,country:in/state:gj,country:in/state:gj/lok-sabha:7
GJ,Rajkot,Q11222818,S06,10,GEN,country:in/state:gj,country:in/state:gj/lok-sabha:10
GJ,Surendranagar,Q7645700,S06,9,GEN,country:in/state:gj,country:in/state:gj/lok-sabha:9
GJ,Navsari,Q6982569,S06,25,GEN,country:in/state:gj,country:in/state:gj/lok-sabha:25
GJ,Bharuch,Q4901329,S06,22,GEN,country:in/state:gj,country:in/state:gj/lok-sabha:22
GJ,Chhota Udaipur,Q5094957,S06,21,ST,country:in/state:gj,country:in/state:gj/lok-sabha:21
GJ,Porbandar,Q7229961,S06,11,GEN,country:in/state:gj,country:in/state:gj/lok-sabha:11
GJ,Valsad,Q7912607,S06,26,ST,country:in/state:gj,country:in/state:gj/lok-sabha:26
GJ,Gandhinagar,Q5520735,S06,6,GEN,country:in/state:gj,country:in/state:gj/lok-sabha:6
GJ,Mahesana,Q6733840,S06,4,GEN,country:in/state:gj,country:in/state:gj/lok-sabha:4
GJ,Bhavnagar,Q4901564,S06,15,GEN,country:in/state:gj,country:in/state:gj/lok-sabha:15
HP,Hamirpur,Q5645333,S08,3,GEN,country:in/state:hp,country:in/state:hp/lok-sabha:3
HP,Kangra,Q6362861,S08,1,GEN,country:in/state:hp,country:in/state:hp/lok-sabha:1
HP,Shimla,Q7496887,S08,4,SC,country:in/state:hp,country:in/state:hp/lok-sabha:4
HP,Mandi,Q6748042,S08,2,GEN,country:in/state:hp,country:in/state:hp/lok-sabha:2
HR,Ambala,Q4740955,S07,1,SC,country:in/state:hr,country:in/state:hr/lok-sabha:1
HR,Kurukshetra,Q6447358,S07,2,GEN,country:in/state:hr,country:in/state:hr/lok-sabha:2
HR,Sirsa,Q7530618,S07,3,SC,country:in/state:hr,country:in/state:hr/lok-sabha:3
HR,Karnal,Q6372812,S07,5,GEN,country:in/state:hr,country:in/state:hr/lok-sabha:5
HR,Sonipat,Q7561886,S07,6,GEN,country:in/state:hr,country:in/state:hr/lok-sabha:6
HR,Hisar,Q12460611,S07,4,GEN,country:in/state:hr,country:in/state:hr/lok-sabha:4
HR,Rohtak,Q7359839,S07,7,GEN,country:in/state:hr,country:in/state:hr/lok-sabha:7
HR,Bhiwani-Mahendragarh,Q4901856,S07,8,GEN,country:in/state:hr,country:in/state:hr/lok-sabha:8
HR,Gurgaon,Q5620004,S07,9,GEN,country:in/state:hr,country:in/state:hr/lok-sabha:9
HR,Faridabad,Q5435282,S07,10,GEN,country:in/state:hr,country:in/state:hr/lok-sabha:10
JH,Jamshedpur,Q6148213,S27,9,GEN,country:in/state:jh,country:in/state:jh/lok-sabha:9
JH,Singhbhum,Q3632303,S27,10,ST,country:in/state:jh,country:in/state:jh/lok-sabha:10
JH,Rajmahal,Q7286307,S27,1,ST,country:in/state:jh,country:in/state:jh/lok-sabha:1
JH,Dumka,Q5313895,S27,2,ST,country:in/state:jh,country:in/state:jh/lok-sabha:2
JH,Godda,Q5576233,S27,3,GEN,country:in/state:jh,country:in/state:jh/lok-sabha:3
JH,Palamu,Q3632686,S27,13,SC,country:in/state:jh,country:in/state:jh/lok-sabha:13
JH,Hazaribagh,Q3632585,S27,14,GEN,country:in/state:jh,country:in/state:jh/lok-sabha:14
JH,Dhanbad,Q5268930,S27,7,GEN,country:in/state:jh,country:in/state:jh/lok-sabha:7
JH,Kodarma,Q6425227,S27,5,GEN,country:in/state:jh,country:in/state:jh/lok-sabha:5
JH,Lohardaga,Q6667970,S27,12,ST,country:in/state:jh,country:in/state:jh/lok-sabha:12
JH,Khunti,Q6403035,S27,11,ST,country:in/state:jh,country:in/state:jh/lok-sabha:11
JH,Chatra,Q5087772,S27,4,GEN,country:in/state:jh,country:in/state:jh/lok-sabha:4
JH,Ranchi,Q7290802,S27,8,GEN,country:in/state:jh,country:in/state:jh/lok-sabha:8
JH,Giridih,Q5564263,S27,6,GEN,country:in/state:jh,country:in/state:jh/lok-sabha:6
JK,Ladakh,Q4252512,S09,4,GEN,country:in/state:jk,country:in/state:jk/lok-sabha:4
JK,Jammu,Q6147990,S09,6,GEN,country:in/state:jk,country:in/state:jk/lok-sabha:6
JK,Srinagar,Q7586418,S09,2,GEN,country:in/state:jk,country:in/state:jk/lok-sabha:2
JK,Anantnag,Q4751497,S09,3,GEN,country:in/state:jk,country:in/state:jk/lok-sabha:3
JK,Baramulla,Q4858316,S09,1,GEN,country:in/state:jk,country:in/state:jk/lok-sabha:1
JK,Udhampur,Q7877193,S09,5,GEN,country:in/state:jk,country:in/state:jk/lok-sabha:5
JK,,,,-1,,country:in/state:jk,country:in/state:jk/lok-sabha:-1
KA,Gulbarga,Q4172532,S10,5,SC,country:in/state:ka,country:in/state:ka/lok-sabha:5
KA,Bijapur,Q4907176,S10,4,SC,country:in/state:ka,country:in/state:ka/lok-sabha:4
KA,Chikkodi,Q3939251,S10,1,GEN,country:in/state:ka,country:in/state:ka/lok-sabha:1
KA,Raichur,Q4172533,S10,6,ST,country:in/state:ka,country:in/state:ka/lok-sabha:6
KA,Koppal,Q4348317,S10,8,GEN,country:in/state:ka,country:in/state:ka/lok-sabha:8
KA,Haveri,Q4628043,S10,10,GEN,country:in/state:ka,country:in/state:ka/lok-sabha:10
KA,Davangere,Q4877000,S10,13,GEN,country:in/state:ka,country:in/state:ka/lok-sabha:13
KA,Chikballapur,Q5097405,S10,27,GEN,country:in/state:ka,country:in/state:ka/lok-sabha:27
KA,Udupi Chikmagalur,Q7877355,S10,15,GEN,country:in/state:ka,country:in/state:ka/lok-sabha:15
KA,Tumkur,Q5245318,S10,19,GEN,country:in/state:ka,country:in/state:ka/lok-sabha:19
KA,Kolar,Q6427060,S10,28,SC,country:in/state:ka,country:in/state:ka/lok-sabha:28
KA,Bangalore Rural Lok Sabha constituency,Q4855074,S10,23,GEN,country:in/state:ka,country:in/state:ka/lok-sabha:23
KA,Dharwad,Q5269410,S10,11,GEN,country:in/state:ka,country:in/state:ka/lok-sabha:11
KA,Bangalore North,Q4855069,S10,24,GEN,country:in/state:ka,country:in/state:ka/lok-sabha:24
KA,Dakshina Kannada,Q5121423,S10,17,GEN,country:in/state:ka,country:in/state:ka/lok-sabha:17
KA,Mysore,Q5332086,S10,21,GEN,country:in/state:ka,country:in/state:ka/lok-sabha:21
KA,Chamarajanagar,Q5069470,S10,22,SC,country:in/state:ka,country:in/state:ka/lok-sabha:22
KA,Mandya,Q5187868,S10,20,GEN,country:in/state:ka,country:in/state:ka/lok-sabha:20
KA,Bellary,Q3521014,S10,9,ST,country:in/state:ka,country:in/state:ka/lok-sabha:9
KA,Chitradurga,Q5102316,S10,18,SC,country:in/state:ka,country:in/state:ka/lok-sabha:18
KA,Bidar,Q3883318,S10,7,GEN,country:in/state:ka,country:in/state:ka/lok-sabha:7
KA,Uttara Kannada,Q4756549,S10,12,GEN,country:in/state:ka,country:in/state:ka/lok-sabha:12
KA,Shimoga,Q4876992,S10,14,GEN,country:in/state:ka,country:in/state:ka/lok-sabha:14
KA,Haasan,Q5679532,S10,16,GEN,country:in/state:ka,country:in/state:ka/lok-sabha:16
KA,Belagavi,Q3995921,S10,2,GEN,country:in/state:ka,country:in/state:ka/lok-sabha:2
KA,Bangalore South,Q6509948,S10,26,GEN,country:in/state:ka,country:in/state:ka/lok-sabha:26
KA,Bangalore Central,Q4855038,S10,25,GEN,country:in/state:ka,country:in/state:ka/lok-sabha:25
KA,Bagalkot,Q4841427,S10,3,GEN,country:in/state:ka,country:in/state:ka/lok-sabha:3
KL,Malappuram,Q6741311,S11,6,GEN,country:in/state:kl,country:in/state:kl/lok-sabha:6
KL,Pathanamthitta,Q7144692,S11,17,GEN,country:in/state:kl,country:in/state:kl/lok-sabha:17
KL,Mavelikara,Q3595483,S11,16,SC,country:in/state:kl,country:in/state:kl/lok-sabha:16
KL,Thiruvananthapuram,Q7785502,S11,20,GEN,country:in/state:kl,country:in/state:kl/lok-sabha:20
KL,Palakkad,Q3595511,S11,8,GEN,country:in/state:kl,country:in/state:kl/lok-sabha:8
KL,Thrissur,Q3595199,S11,10,GEN,country:in/state:kl,country:in/state:kl/lok-sabha:10
KL,Alathur,Q4708818,S11,9,SC,country:in/state:kl,country:in/state:kl/lok-sabha:9
KL,Kasaragod,Q3595257,S11,1,GEN,country:in/state:kl,country:in/state:kl/lok-sabha:1
KL,Attingal,Q12413298,S11,19,GEN,country:in/state:kl,country:in/state:kl/lok-sabha:19
KL,Vadakara,Q3595264,S11,3,GEN,country:in/state:kl,country:in/state:kl/lok-sabha:3
KL,Kozhikode,Q3595239,S11,5,GEN,country:in/state:kl,country:in/state:kl/lok-sabha:5
KL,Kannur,Q3595261,S11,2,GEN,country:in/state:kl,country:in/state:kl/lok-sabha:2
KL,Chalakudy,Q3595248,S11,11,GEN,country:in/state:kl,country:in/state:kl/lok-sabha:11
KL,Idukki,Q3595503,S11,13,GEN,country:in/state:kl,country:in/state:kl/lok-sabha:13
KL,Alappuzha,Q3595510,S11,15,GEN,country:in/state:kl,country:in/state:kl/lok-sabha:15
KL,Kottayam,Q3595519,S11,14,GEN,country:in/state:kl,country:in/state:kl/lok-sabha:14
KL,Kollam,Q3595286,S11,18,GEN,country:in/state:kl,country:in/state:kl/lok-sabha:18
KL,Ernakulam,Q3595497,S11,12,GEN,country:in/state:kl,country:in/state:kl/lok-sabha:12
KL,Wayanad,Q7975848,S11,4,GEN,country:in/state:kl,country:in/state:kl/lok-sabha:4
KL,Ponnani,Q3595235,S11,7,GEN,country:in/state:kl,country:in/state:kl/lok-sabha:7
MN,Inner Manipur,Q6035471,S14,1,GEN,country:in/state:mn,country:in/state:mn/lok-sabha:1
MN,Outer Manipur,Q7111989,S14,2,ST,country:in/state:mn,country:in/state:mn/lok-sabha:2
MP,Bhind,Q3634246,S12,2,SC,country:in/state:mp,country:in/state:mp/lok-sabha:2
MP,Balaghat,Q3633465,S12,15,GEN,country:in/state:mp,country:in/state:mp/lok-sabha:15
MP,Hoshangabad,Q3634240,S12,17,GEN,country:in/state:mp,country:in/state:mp/lok-sabha:17
MP,Dhar,Q3634185,S12,25,ST,country:in/state:mp,country:in/state:mp/lok-sabha:25
MP,Indore,Q3634194,S12,26,GEN,country:in/state:mp,country:in/state:mp/lok-sabha:26
MP,Gwalior,Q3634165,S12,3,GEN,country:in/state:mp,country:in/state:mp/lok-sabha:3
MP,Sidhi,Q7508585,S12,11,GEN,country:in/state:mp,country:in/state:mp/lok-sabha:11
MP,Rajgarh,Q3632253,S12,20,GEN,country:in/state:mp,country:in/state:mp/lok-sabha:20
MP,Sagar,Q7399007,S12,5,GEN,country:in/state:mp,country:in/state:mp/lok-sabha:5
MP,Damoh,Q12433303,S12,7,GEN,country:in/state:mp,country:in/state:mp/lok-sabha:7
MP,Shahdol,Q12453868,S12,12,ST,country:in/state:mp,country:in/state:mp/lok-sabha:12
MP,Dewas,Q15649259,S12,21,SC,country:in/state:mp,country:in/state:mp/lok-sabha:21
MP,Ujjain,Q3630725,S12,22,SC,country:in/state:mp,country:in/state:mp/lok-sabha:22
MP,Bhopal,Q4901994,S12,19,GEN,country:in/state:mp,country:in/state:mp/lok-sabha:19
MP,Vidisha,Q7928100,S12,18,GEN,country:in/state:mp,country:in/state:mp/lok-sabha:18
MP,Ratlam,Q7295816,S12,24,ST,country:in/state:mp,country:in/state:mp/lok-sabha:24
MP,Rewa,Q7319005,S12,10,GEN,country:in/state:mp,country:in/state:mp/lok-sabha:10
MP,Satna,Q12455246,S12,9,GEN,country:in/state:mp,country:in/state:mp/lok-sabha:9
MP,Mandsaur,Q6748216,S12,23,GEN,country:in/state:mp,country:in/state:mp/lok-sabha:23
MP,Guna,Q3634168,S12,4,GEN,country:in/state:mp,country:in/state:mp/lok-sabha:4
MP,Chhindwara,Q5094902,S12,16,GEN,country:in/state:mp,country:in/state:mp/lok-sabha:16
MP,Betul,Q4899044,S12,29,ST,country:in/state:mp,country:in/state:mp/lok-sabha:29
MP,Khargone,Q279102,S12,27,ST,country:in/state:mp,country:in/state:mp/lok-sabha:27
MP,Jabalpur,Q6109952,S12,13,GEN,country:in/state:mp,country:in/state:mp/lok-sabha:13
MP,Mandla,Q3630763,S12,14,ST,country:in/state:mp,country:in/state:mp/lok-sabha:14
MP,Morena,Q3663904,S12,1,GEN,country:in/state:mp,country:in/state:mp/lok-sabha:1
MP,Tikamgarh,Q7801879,S12,6,SC,country:in/state:mp,country:in/state:mp/lok-sabha:6
MP,Khajuraho,Q3634359,S12,8,GEN,country:in/state:mp,country:in/state:mp/lok-sabha:8
MP,Khandwa,Q3634216,S12,28,GEN,country:in/state:mp,country:in/state:mp/lok-sabha:28
ML,Tura (Lok Sabha constituency),Q7853631,S15,2,ST,country:in/state:ml,country:in/state:ml/lok-sabha:2
ML,Shillong (Lok Sabha constituency),Q7496680,S15,1,ST,country:in/state:ml,country:in/state:ml/lok-sabha:1
MH,Buldhana,Q4996106,S13,5,GEN,country:in/state:mh,country:in/state:mh/lok-sabha:5
MH,Madha,Q6727220,S13,43,GEN,country:in/state:mh,country:in/state:mh/lok-sabha:43
MH,Satara,Q3763891,S13,45,GEN,country:in/state:mh,country:in/state:mh/lok-sabha:45
MH,Jalgaon,Q6126754,S13,3,GEN,country:in/state:mh,country:in/state:mh/lok-sabha:3
MH,Akola (Lok Sabha Constituency),Q3764391,S13,6,GEN,country:in/state:mh,country:in/state:mh/lok-sabha:6
MH,Sangli,Q7418045,S13,44,GEN,country:in/state:mh,country:in/state:mh/lok-sabha:44
MH,Solapur,Q3764439,S13,42,SC,country:in/state:mh,country:in/state:mh/lok-sabha:42
MH,Amravati,Q3764491,S13,7,SC,country:in/state:mh,country:in/state:mh/lok-sabha:7
MH,Ramtek,Q3764361,S13,9,SC,country:in/state:mh,country:in/state:mh/lok-sabha:9
MH,Nandurbar,Q6963393,S13,1,ST,country:in/state:mh,country:in/state:mh/lok-sabha:1
MH,Bhandara-Gondiya,Q3764433,S13,11,GEN,country:in/state:mh,country:in/state:mh/lok-sabha:11
MH,Wardha,Q3764479,S13,8,GEN,country:in/state:mh,country:in/state:mh/lok-sabha:8
MH,Shirur,Q7499000,S13,36,GEN,country:in/state:mh,country:in/state:mh/lok-sabha:36
MH,Beed,Q4879723,S13,39,GEN,country:in/state:mh,country:in/state:mh/lok-sabha:39
MH,Maval,Q6794117,S13,33,GEN,country:in/state:mh,country:in/state:mh/lok-sabha:33
MH,Parbhani,Q3763828,S13,17,GEN,country:in/state:mh,country:in/state:mh/lok-sabha:17
MH,Raigad,Q7283812,S13,32,GEN,country:in/state:mh,country:in/state:mh/lok-sabha:32
MH,Osmanabad,Q2738086,S13,40,GEN,country:in/state:mh,country:in/state:mh/lok-sabha:40
MH,Hatkanangle,Q12460207,S13,48,GEN,country:in/state:mh,country:in/state:mh/lok-sabha:48
MH,Dhule,Q5269854,S13,2,GEN,country:in/state:mh,country:in/state:mh/lok-sabha:2
MH,Gadchiroli-Chimur,Q12423118,S13,12,ST,country:in/state:mh,country:in/state:mh/lok-sabha:12
MH,Raver,Q7296597,S13,4,GEN,country:in/state:mh,country:in/state:mh/lok-sabha:4
MH,Bhiwandi,Q4901857,S13,23,GEN,country:in/state:mh,country:in/state:mh/lok-sabha:23
MH,Dindori,Q5278011,S13,20,ST,country:in/state:mh,country:in/state:mh/lok-sabha:20
MH,Jalna,Q6126930,S13,18,GEN,country:in/state:mh,country:in/state:mh/lok-sabha:18
MH,Aurangabad,Q3763786,S13,19,GEN,country:in/state:mh,country:in/state:mh/lok-sabha:19
MH,Chandrapur,Q2912408,S13,13,GEN,country:in/state:mh,country:in/state:mh/lok-sabha:13
MH,Nashik,Q6966848,S13,21,GEN,country:in/state:mh,country:in/state:mh/lok-sabha:21
MH,Shirdi,Q3763762,S13,38,SC,country:in/state:mh,country:in/state:mh/lok-sabha:38
MH,Hingoli,Q2912894,S13,15,GEN,country:in/state:mh,country:in/state:mh/lok-sabha:15
MH,Ahmednagar,Q2738103,S13,37,GEN,country:in/state:mh,country:in/state:mh/lok-sabha:37
MH,Palghar,Q7127479,S13,22,ST,country:in/state:mh,country:in/state:mh/lok-sabha:22
MH,Latur,Q3764461,S13,41,SC,country:in/state:mh,country:in/state:mh/lok-sabha:41
MH,Baramati,Q3764398,S13,35,GEN,country:in/state:mh,country:in/state:mh/lok-sabha:35
MH,Ratnagiri-Sindhudurg,Q12448769,S13,46,GEN,country:in/state:mh,country:in/state:mh/lok-sabha:46
MH,Kolhapur,Q13512172,S13,47,GEN,country:in/state:mh,country:in/state:mh/lok-sabha:47
MH,Thane,Q7710231,S13,25,GEN,country:in/state:mh,country:in/state:mh/lok-sabha:25
MH,Mumbai North,Q6935304,S13,26,GEN,country:in/state:mh,country:in/state:mh/lok-sabha:26
MH,Mumbai North West,Q6935311,S13,27,GEN,country:in/state:mh,country:in/state:mh/lok-sabha:27
MH,Mumbai North East,Q6935309,S13,28,GEN,country:in/state:mh,country:in/state:mh/lok-sabha:28
MH,Mumbai North Central,Q6935308,S13,29,GEN,country:in/state:mh,country:in/state:mh/lok-sabha:29
MH,Mumbai South,Q12446954,S13,31,GEN,country:in/state:mh,country:in/state:mh/lok-sabha:31
MH,Mumbai South Central,Q6935325,S13,30,GEN,country:in/state:mh,country:in/state:mh/lok-sabha:30
MH,Kalyan,Q3763943,S13,24,GEN,country:in/state:mh,country:in/state:mh/lok-sabha:24
MH,Pune,Q7260097,S13,34,GEN,country:in/state:mh,country:in/state:mh/lok-sabha:34
MH,Nanded,Q3764021,S13,16,GEN,country:in/state:mh,country:in/state:mh/lok-sabha:16
MH,Yavatmal-Washim,Q8050386,S13,14,GEN,country:in/state:mh,country:in/state:mh/lok-sabha:14
MH,Nagpur,Q3764455,S13,10,GEN,country:in/state:mh,country:in/state:mh/lok-sabha:10
MZ,Mizoram,Q1659299,S16,1,ST,country:in/state:mz,country:in/state:mz/lok-sabha:1
NL,Nagaland,Q1659313,S17,1,GEN,country:in/state:nl,country:in/state:nl/lok-sabha:1
OD,Bhadrak,Q4900550,S18,7,SC,country:in/state:or,country:in/state:or/lok-sabha:7
OD,Jajpur,Q6124378,S18,8,SC,country:in/state:or,country:in/state:or/lok-sabha:8
OD,Sambalpur,Q7255845,S18,3,GEN,country:in/state:or,country:in/state:or/lok-sabha:3
OD,Balasore,Q4850118,S18,6,GEN,country:in/state:or,country:in/state:or/lok-sabha:6
OD,Keonjhar,Q11059079,S18,4,ST,country:in/state:or,country:in/state:or/lok-sabha:4
OD,Mayurbhanj,Q6798125,S18,5,ST,country:in/state:or,country:in/state:or/lok-sabha:5
OD,Sundargarh,Q7639274,S18,2,ST,country:in/state:or,country:in/state:or/lok-sabha:2
OD,Bargarh,Q4860546,S18,1,GEN,country:in/state:or,country:in/state:or/lok-sabha:1
OD,Dhenkanal,Q5269512,S18,9,GEN,country:in/state:or,country:in/state:or/lok-sabha:9
OD,Bolangir,Q4938935,S18,10,GEN,country:in/state:or,country:in/state:or/lok-sabha:10
OD,Kalahandi,Q6350138,S18,11,GEN,country:in/state:or,country:in/state:or/lok-sabha:11
OD,Kandhamal,Q11679513,S18,13,GEN,country:in/state:or,country:in/state:or/lok-sabha:13
OD,Kendrapara,Q6389017,S18,15,GEN,country:in/state:or,country:in/state:or/lok-sabha:15
OD,Cuttack,Q5196922,S18,14,GEN,country:in/state:or,country:in/state:or/lok-sabha:14
OD,Bhubaneswar,Q4902092,S18,18,GEN,country:in/state:or,country:in/state:or/lok-sabha:18
OD,Aska,Q4807113,S18,19,GEN,country:in/state:or,country:in/state:or/lok-sabha:19
OD,Jagatsinghpur,Q6122268,S18,16,SC,country:in/state:or,country:in/state:or/lok-sabha:16
OD,Nabarangpur,Q6956755,S18,12,ST,country:in/state:or,country:in/state:or/lok-sabha:12
OD,Koraput,Q6431426,S18,21,ST,country:in/state:or,country:in/state:or/lok-sabha:21
OD,Puri,Q6528588,S18,17,GEN,country:in/state:or,country:in/state:or/lok-sabha:17
OD,Berhampur,Q7255284,S18,20,GEN,country:in/state:or,country:in/state:or/lok-sabha:20
PB,Jalandhar,Q6126633,S19,4,SC,country:in/state:pb,country:in/state:pb/lok-sabha:4
PB,Hoshiarpur,Q5908015,S19,5,SC,country:in/state:pb,country:in/state:pb/lok-sabha:5
PB,Fatehgarh Sahib,Q5437417,S19,8,SC,country:in/state:pb,country:in/state:pb/lok-sabha:8
PB,Firozepur,Q5452175,S19,10,GEN,country:in/state:pb,country:in/state:pb/lok-sabha:10
PB,Patiala,Q7144911,S19,13,GEN,country:in/state:pb,country:in/state:pb/lok-sabha:13
PB,Bathinda,Q4869032,S19,11,GEN,country:in/state:pb,country:in/state:pb/lok-sabha:11
PB,Gurdaspur,Q5619909,S19,1,GEN,country:in/state:pb,country:in/state:pb/lok-sabha:1
PB,Amritsar,Q4748702,S19,2,GEN,country:in/state:pb,country:in/state:pb/lok-sabha:2
PB,Khadoor Sahib,Q6398926,S19,3,GEN,country:in/state:pb,country:in/state:pb/lok-sabha:3
PB,Anandpur Sahib,Q4751375,S19,6,GEN,country:in/state:pb,country:in/state:pb/lok-sabha:6
PB,Sangrur,Q7418135,S19,12,GEN,country:in/state:pb,country:in/state:pb/lok-sabha:12
PB,Ludhiana,Q6698772,S19,7,GEN,country:in/state:pb,country:in/state:pb/lok-sabha:7
PB,Faridkot,Q5435297,S19,9,SC,country:in/state:pb,country:in/state:pb/lok-sabha:9
PY,Puducherry,Q3532557,U07,1,GEN,country:in/union-territory:py,country:in/union-territory:py/lok-sabha:1
RJ,Churu,Q5118333,S20,3,GEN,country:in/state:rj,country:in/state:rj/lok-sabha:3
RJ,Bikaner,Q4907311,S20,2,SC,country:in/state:rj,country:in/state:rj/lok-sabha:2
RJ,Jhunjhunu,Q6191216,S20,4,GEN,country:in/state:rj,country:in/state:rj/lok-sabha:4
RJ,Alwar,Q4738368,S20,8,GEN,country:in/state:rj,country:in/state:rj/lok-sabha:8
RJ,Jodhpur,Q6207835,S20,16,GEN,country:in/state:rj,country:in/state:rj/lok-sabha:16
RJ,Sikar,Q7513596,S20,5,GEN,country:in/state:rj,country:in/state:rj/lok-sabha:5
RJ,Nagaur,Q6958697,S20,14,GEN,country:in/state:rj,country:in/state:rj/lok-sabha:14
RJ,Tonk-Sawai Madhopur,Q7821522,S20,12,GEN,country:in/state:rj,country:in/state:rj/lok-sabha:12
RJ,Bharatpur,Q4901252,S20,9,SC,country:in/state:rj,country:in/state:rj/lok-sabha:9
RJ,Barmer,Q4861268,S20,17,GEN,country:in/state:rj,country:in/state:rj/lok-sabha:17
RJ,Ajmer,Q4699904,S20,13,GEN,country:in/state:rj,country:in/state:rj/lok-sabha:13
RJ,Karauliâ€“Dholpur,Q6368815,S20,10,SC,country:in/state:rj,country:in/state:rj/lok-sabha:10
RJ,Jhalawar-Baran,Q6190793,S20,25,GEN,country:in/state:rj,country:in/state:rj/lok-sabha:25
RJ,Rajsamand,Q7286417,S20,22,GEN,country:in/state:rj,country:in/state:rj/lok-sabha:22
RJ,Jalore,Q6126953,S20,18,GEN,country:in/state:rj,country:in/state:rj/lok-sabha:18
RJ,Bhilwara,Q4901736,S20,23,GEN,country:in/state:rj,country:in/state:rj/lok-sabha:23
RJ,Kota,Q6433781,S20,24,GEN,country:in/state:rj,country:in/state:rj/lok-sabha:24
RJ,Pali,Q7127504,S20,15,GEN,country:in/state:rj,country:in/state:rj/lok-sabha:15
RJ,Ganganagar,Q5521052,S20,1,SC,country:in/state:rj,country:in/state:rj/lok-sabha:1
RJ,Dausa,Q5228102,S20,11,ST,country:in/state:rj,country:in/state:rj/lok-sabha:11
RJ,Chittorgarh,Q5102518,S20,21,GEN,country:in/state:rj,country:in/state:rj/lok-sabha:21
RJ,Jaipur,Q6124117,S20,7,GEN,country:in/state:rj,country:in/state:rj/lok-sabha:7
RJ,Banswara,Q4857164,S20,20,ST,country:in/state:rj,country:in/state:rj/lok-sabha:20
RJ,Udaipur,Q7876885,S20,19,ST,country:in/state:rj,country:in/state:rj/lok-sabha:19
RJ,Jaipur Rural,Q6124137,S20,6,GEN,country:in/state:rj,country:in/state:rj/lok-sabha:6
SK,Sikkim,Q1659321,S21,1,GEN,country:in/state:sk,country:in/state:sk/lok-sabha:1
TN,Erode,Q5395251,S22,17,GEN,country:in/state:tn,country:in/state:tn/lok-sabha:17
TN,Tenkasi,Q3532578,S22,37,SC,country:in/state:tn,country:in/state:tn/lok-sabha:37
TN,Tirunelveli,Q3533981,S22,38,GEN,country:in/state:tn,country:in/state:tn/lok-sabha:38
TN,Kanyakumari,Q12418045,S22,39,GEN,country:in/state:tn,country:in/state:tn/lok-sabha:39
TN,Coimbatore,Q3534118,S22,20,GEN,country:in/state:tn,country:in/state:tn/lok-sabha:20
TN,Mayiladuturai,Q3534106,S22,28,GEN,country:in/state:tn,country:in/state:tn/lok-sabha:28
TN,Perambalur,Q3534214,S22,25,GEN,country:in/state:tn,country:in/state:tn/lok-sabha:25
TN,Dindigul,Q3532565,S22,22,GEN,country:in/state:tn,country:in/state:tn/lok-sabha:22
TN,Arakkonam,Q3534088,S22,7,GEN,country:in/state:tn,country:in/state:tn/lok-sabha:7
TN,Chennai South,Q3532431,S22,3,GEN,country:in/state:tn,country:in/state:tn/lok-sabha:3
TN,Krishnagiri,Q3534043,S22,9,GEN,country:in/state:tn,country:in/state:tn/lok-sabha:9
TN,Arani,Q3533589,S22,12,GEN,country:in/state:tn,country:in/state:tn/lok-sabha:12
TN,Tiruvannamalai,Q7809457,S22,11,GEN,country:in/state:tn,country:in/state:tn/lok-sabha:11
TN,Sriperumbudur,Q3534197,S22,5,GEN,country:in/state:tn,country:in/state:tn/lok-sabha:5
TN,Vellore,Q3534098,S22,8,GEN,country:in/state:tn,country:in/state:tn/lok-sabha:8
TN,Kancheepuram,Q12418931,S22,6,SC,country:in/state:tn,country:in/state:tn/lok-sabha:6
TN,Kallakurichi,Q6353510,S22,14,GEN,country:in/state:tn,country:in/state:tn/lok-sabha:14
TN,Nilgiris,Q3534177,S22,19,SC,country:in/state:tn,country:in/state:tn/lok-sabha:19
TN,Chidambaram,Q3533974,S22,27,SC,country:in/state:tn,country:in/state:tn/lok-sabha:27
TN,Chennai North,Q3532545,S22,2,GEN,country:in/state:tn,country:in/state:tn/lok-sabha:2
TN,Chennai Central,Q3532474,S22,4,GEN,country:in/state:tn,country:in/state:tn/lok-sabha:4
TN,Thoothukudi,Q3534206,S22,36,GEN,country:in/state:tn,country:in/state:tn/lok-sabha:36
TN,Nagapattinam,Q3533967,S22,29,SC,country:in/state:tn,country:in/state:tn/lok-sabha:29
TN,Thiruvallur,Q7785493,S22,1,SC,country:in/state:tn,country:in/state:tn/lok-sabha:1
TN,Viluppuram,Q3532551,S22,13,SC,country:in/state:tn,country:in/state:tn/lok-sabha:13
TN,Cuddalore,Q3534221,S22,26,GEN,country:in/state:tn,country:in/state:tn/lok-sabha:26
TN,Sivaganga,Q3534136,S22,31,GEN,country:in/state:tn,country:in/state:tn/lok-sabha:31
TN,Theni,Q7781368,S22,33,GEN,country:in/state:tn,country:in/state:tn/lok-sabha:33
TN,Ramanathapuram,Q3532492,S22,35,GEN,country:in/state:tn,country:in/state:tn/lok-sabha:35
TN,Namakkal,Q6961238,S22,16,GEN,country:in/state:tn,country:in/state:tn/lok-sabha:16
TN,Thanjavur,Q3534230,S22,30,GEN,country:in/state:tn,country:in/state:tn/lok-sabha:30
TN,Tiruchirappalli,Q3532420,S22,24,GEN,country:in/state:tn,country:in/state:tn/lok-sabha:24
TN,Pollachi,Q3534217,S22,21,GEN,country:in/state:tn,country:in/state:tn/lok-sabha:21
TN,Karur,Q3532480,S22,23,GEN,country:in/state:tn,country:in/state:tn/lok-sabha:23
TN,Dharmapuri,Q3532436,S22,10,GEN,country:in/state:tn,country:in/state:tn/lok-sabha:10
TN,Madurai,Q3534013,S22,32,GEN,country:in/state:tn,country:in/state:tn/lok-sabha:32
TN,Virudhunagar,Q3534127,S22,34,GEN,country:in/state:tn,country:in/state:tn/lok-sabha:34
TN,Tiruppur,Q7809406,S22,18,GEN,country:in/state:tn,country:in/state:tn/lok-sabha:18
TN,Salem,Q3532569,S22,15,GEN,country:in/state:tn,country:in/state:tn/lok-sabha:15
TR,Tripura East,Q7843852,S23,2,ST,country:in/state:tr,country:in/state:tr/lok-sabha:2
TR,Tripura West,Q7843879,S23,1,GEN,country:in/state:tr,country:in/state:tr/lok-sabha:1
UK,Almora,Q3632592,S28,3,SC,country:in/state:ut,country:in/state:ut/lok-sabha:3
UK,Haridwar,Q5657364,S28,5,GEN,country:in/state:ut,country:in/state:ut/lok-sabha:5
UK,Tehri Garhwal,Q7694914,S28,1,GEN,country:in/state:ut,country:in/state:ut/lok-sabha:1
UK,Garhwal,Q3632618,S28,2,GEN,country:in/state:ut,country:in/state:ut/lok-sabha:2
UK,Nainital-Udhamsingh Nagar,Q6959714,S28,4,GEN,country:in/state:ut,country:in/state:ut/lok-sabha:4
UP,Saharanpur,Q7399517,S24,1,GEN,country:in/state:up,country:in/state:up/lok-sabha:1
UP,Kairana,Q12420818,S24,2,GEN,country:in/state:up,country:in/state:up/lok-sabha:2
UP,Nagina,Q6958833,S24,5,SC,country:in/state:up,country:in/state:up/lok-sabha:5
UP,Muzaffarnagar,Q3630669,S24,3,GEN,country:in/state:up,country:in/state:up/lok-sabha:3
UP,Baghpat,Q3633352,S24,11,GEN,country:in/state:up,country:in/state:up/lok-sabha:11
UP,Amroha,Q3633418,S24,9,GEN,country:in/state:up,country:in/state:up/lok-sabha:9
UP,Sambhal,Q7409031,S24,8,GEN,country:in/state:up,country:in/state:up/lok-sabha:8
UP,Meerut,Q12447565,S24,10,GEN,country:in/state:up,country:in/state:up/lok-sabha:10
UP,Lalganj,Q6480280,S24,68,SC,country:in/state:up,country:in/state:up/lok-sabha:68
UP,Jalaun,Q6126683,S24,45,GEN,country:in/state:up,country:in/state:up/lok-sabha:45
UP,Rampur,Q7290061,S24,7,GEN,country:in/state:up,country:in/state:up/lok-sabha:7
UP,Ghaziabad,Q5556091,S24,12,GEN,country:in/state:up,country:in/state:up/lok-sabha:12
UP,Pilibhit,Q7193997,S24,26,GEN,country:in/state:up,country:in/state:up/lok-sabha:26
UP,Bulandshahr,Q3634190,S24,14,SC,country:in/state:up,country:in/state:up/lok-sabha:14
UP,Kheri,Q13512175,S24,28,GEN,country:in/state:up,country:in/state:up/lok-sabha:28
UP,Bareilly,Q4860392,S24,25,GEN,country:in/state:up,country:in/state:up/lok-sabha:25
UP,Aonla,Q4778703,S24,24,GEN,country:in/state:up,country:in/state:up/lok-sabha:24
UP,Burdwan,Q4998317,S24,23,GEN,country:in/state:up,country:in/state:up/lok-sabha:23
UP,Shahjahanpur,Q7461799,S24,27,SC,country:in/state:up,country:in/state:up/lok-sabha:27
UP,Bahraich,Q4842725,S24,56,SC,country:in/state:up,country:in/state:up/lok-sabha:56
UP,Aligarh,Q371869,S24,15,GEN,country:in/state:up,country:in/state:up/lok-sabha:15
UP,Dhaurahra,Q12434696,S24,29,GEN,country:in/state:up,country:in/state:up/lok-sabha:29
UP,Etah,Q3634262,S24,22,GEN,country:in/state:up,country:in/state:up/lok-sabha:22
UP,Mathura,Q3634234,S24,17,GEN,country:in/state:up,country:in/state:up/lok-sabha:17
UP,Farrukhabad,Q5436365,S24,40,GEN,country:in/state:up,country:in/state:up/lok-sabha:40
UP,Hardoi,Q5656282,S24,31,SC,country:in/state:up,country:in/state:up/lok-sabha:31
UP,Hathras,Q5681557,S24,16,SC,country:in/state:up,country:in/state:up/lok-sabha:16
UP,Domariyaganj,Q5289934,S24,60,GEN,country:in/state:up,country:in/state:up/lok-sabha:60
UP,Sitapur,Q3630783,S24,30,GEN,country:in/state:up,country:in/state:up/lok-sabha:30
UP,Firozabad,Q5452174,S24,20,GEN,country:in/state:up,country:in/state:up/lok-sabha:20
UP,Maharajganj,Q6733274,S24,63,GEN,country:in/state:up,country:in/state:up/lok-sabha:63
UP,Mainpuri,Q6736725,S24,21,GEN,country:in/state:up,country:in/state:up/lok-sabha:21
UP,Kaiserganj,Q3634204,S24,57,GEN,country:in/state:up,country:in/state:up/lok-sabha:57
UP,Gonda,Q12424329,S24,59,GEN,country:in/state:up,country:in/state:up/lok-sabha:59
UP,Misrikh,Q6875956,S24,32,SC,country:in/state:up,country:in/state:up/lok-sabha:32
UP,Barabanki,Q3633461,S24,53,SC,country:in/state:up,country:in/state:up/lok-sabha:53
UP,Kushi Nagar,Q12420304,S24,65,GEN,country:in/state:up,country:in/state:up/lok-sabha:65
UP,Fatehpur Sikri,Q5437430,S24,19,GEN,country:in/state:up,country:in/state:up/lok-sabha:19
UP,Azamgarh (Lok Sabha constituency),Q16193457,S24,69,GEN,country:in/state:up,country:in/state:up/lok-sabha:69
UP,Bansgaon,Q4857123,S24,67,SC,country:in/state:up,country:in/state:up/lok-sabha:67
UP,Amethi,Q4745924,S24,37,GEN,country:in/state:up,country:in/state:up/lok-sabha:37
UP,Akbarpur,Q3633316,S24,44,SC,country:in/state:up,country:in/state:up/lok-sabha:44
UP,Rae Bareli,Q7281907,S24,36,GEN,country:in/state:up,country:in/state:up/lok-sabha:36
UP,Mohanlalganj,Q3823603,S24,34,SC,country:in/state:up,country:in/state:up/lok-sabha:34
UP,Deoria,Q3634176,S24,66,GEN,country:in/state:up,country:in/state:up/lok-sabha:66
UP,Sant Kabir Nagar,Q7419095,S24,62,GEN,country:in/state:up,country:in/state:up/lok-sabha:62
UP,Faizabad,Q5431351,S24,54,GEN,country:in/state:up,country:in/state:up/lok-sabha:54
UP,Etawah,Q5402455,S24,41,SC,country:in/state:up,country:in/state:up/lok-sabha:41
UP,Sultanpur,Q7636812,S24,38,GEN,country:in/state:up,country:in/state:up/lok-sabha:38
UP,Salempur,Q11031937,S24,71,GEN,country:in/state:up,country:in/state:up/lok-sabha:71
UP,Ghosi,Q5557002,S24,70,GEN,country:in/state:up,country:in/state:up/lok-sabha:70
UP,Chandauli,Q5070983,S24,76,GEN,country:in/state:up,country:in/state:up/lok-sabha:76
UP,Allahabad,Q4730342,S24,52,GEN,country:in/state:up,country:in/state:up/lok-sabha:52
UP,Mirzapur,Q6874958,S24,79,GEN,country:in/state:up,country:in/state:up/lok-sabha:79
UP,Robertsganj,Q7352073,S24,80,SC,country:in/state:up,country:in/state:up/lok-sabha:80
UP,Fatehpur,Q5437428,S24,49,GEN,country:in/state:up,country:in/state:up/lok-sabha:49
UP,Jaunpur,Q6164852,S24,73,GEN,country:in/state:up,country:in/state:up/lok-sabha:73
UP,Pratapgarh,Q7238619,S24,39,GEN,country:in/state:up,country:in/state:up/lok-sabha:39
UP,Hamirpur,Q5645332,S24,47,GEN,country:in/state:up,country:in/state:up/lok-sabha:47
UP,Kaushambi (Lok Sabha constituency),Q6378946,S24,50,SC,country:in/state:up,country:in/state:up/lok-sabha:50
UP,Ballia,Q4851665,S24,72,GEN,country:in/state:up,country:in/state:up/lok-sabha:72
UP,Jhansi,Q3634171,S24,46,GEN,country:in/state:up,country:in/state:up/lok-sabha:46
UP,Ghazipur,Q5556103,S24,75,GEN,country:in/state:up,country:in/state:up/lok-sabha:75
UP,Machhlishahr,Q6723526,S24,74,SC,country:in/state:up,country:in/state:up/lok-sabha:74
UP,Phulpur,Q7188338,S24,51,GEN,country:in/state:up,country:in/state:up/lok-sabha:51
UP,Bhadohi,Q4900529,S24,78,GEN,country:in/state:up,country:in/state:up/lok-sabha:78
UP,Ambedkar Nagar,Q4741186,S24,55,GEN,country:in/state:up,country:in/state:up/lok-sabha:55
UP,Banda,Q1780136,S24,48,GEN,country:in/state:up,country:in/state:up/lok-sabha:48
UP,Kanpur,Q11032972,S24,43,GEN,country:in/state:up,country:in/state:up/lok-sabha:43
UP,Unnao,Q7897148,S24,33,GEN,country:in/state:up,country:in/state:up/lok-sabha:33
UP,Kannauj,Q12418036,S24,42,GEN,country:in/state:up,country:in/state:up/lok-sabha:42
UP,Lucknow,Q6697765,S24,35,GEN,country:in/state:up,country:in/state:up/lok-sabha:35
UP,Varanasi,Q3630705,S24,77,GEN,country:in/state:up,country:in/state:up/lok-sabha:77
UP,Gorakhpur,Q5584396,S24,64,GEN,country:in/state:up,country:in/state:up/lok-sabha:64
UP,Basti,Q4868265,S24,61,GEN,country:in/state:up,country:in/state:up/lok-sabha:61
UP,Shrawasti,Q7503442,S24,58,GEN,country:in/state:up,country:in/state:up/lok-sabha:58
UP,Agra,Q4693670,S24,18,SC,country:in/state:up,country:in/state:up/lok-sabha:18
UP,Gautam Buddha Nagar,Q5527870,S24,13,GEN,country:in/state:up,country:in/state:up/lok-sabha:13
UP,Bijnor,Q3633391,S24,4,GEN,country:in/state:up,country:in/state:up/lok-sabha:4
UP,Moradabad,Q3635773,S24,6,GEN,country:in/state:up,country:in/state:up/lok-sabha:6
WB,Darjeeling,Q5223069,S25,4,GEN,country:in/state:wb,country:in/state:wb/lok-sabha:4
WB,Arambagh,Q4783993,S25,29,SC,country:in/state:wb,country:in/state:wb/lok-sabha:29
WB,Barasat,Q4858448,S25,17,GEN,country:in/state:wb,country:in/state:wb/lok-sabha:17
WB,Medinipur,Q6806969,S25,34,GEN,country:in/state:wb,country:in/state:wb/lok-sabha:34
WB,Tamluk,Q3351485,S25,30,GEN,country:in/state:wb,country:in/state:wb/lok-sabha:30
WB,Murshidabad,Q6939683,S25,11,GEN,country:in/state:wb,country:in/state:wb/lok-sabha:11
WB,Krishnanagar,Q6437565,S25,12,GEN,country:in/state:wb,country:in/state:wb/lok-sabha:12
WB,Birbhum,Q4915625,S25,42,GEN,country:in/state:wb,country:in/state:wb/lok-sabha:42
WB,Bolpur,Q4940018,S25,41,SC,country:in/state:wb,country:in/state:wb/lok-sabha:41
WB,Bardhaman-Durgapur,Q4860137,S25,39,GEN,country:in/state:wb,country:in/state:wb/lok-sabha:39
WB,Purulia,Q7261625,S25,35,GEN,country:in/state:wb,country:in/state:wb/lok-sabha:35
WB,Bardhaman Purba,Q4860138,S25,38,SC,country:in/state:wb,country:in/state:wb/lok-sabha:38
WB,Bankura,Q4856799,S25,36,GEN,country:in/state:wb,country:in/state:wb/lok-sabha:36
WB,Asansol,Q4803541,S25,40,GEN,country:in/state:wb,country:in/state:wb/lok-sabha:40
WB,Ranaghat,Q7290693,S25,13,SC,country:in/state:wb,country:in/state:wb/lok-sabha:13
WB,Bishnupur,Q4917381,S25,37,SC,country:in/state:wb,country:in/state:wb/lok-sabha:37
WB,Jangipur,Q6154054,S25,9,GEN,country:in/state:wb,country:in/state:wb/lok-sabha:9
WB,Balurghat,Q4853085,S25,6,GEN,country:in/state:wb,country:in/state:wb/lok-sabha:6
WB,Maldaha Uttar,Q6742776,S25,7,GEN,country:in/state:wb,country:in/state:wb/lok-sabha:7
WB,Kolkata Uttar,Q6427315,S25,24,GEN,country:in/state:wb,country:in/state:wb/lok-sabha:24
WB,Jhargram,Q6190927,S25,33,ST,country:in/state:wb,country:in/state:wb/lok-sabha:33
WB,Kolkata Dakshin,Q3348171,S25,23,GEN,country:in/state:wb,country:in/state:wb/lok-sabha:23
WB,Uluberia,Q3348210,S25,26,GEN,country:in/state:wb,country:in/state:wb/lok-sabha:26
WB,Mathurapur,Q6787367,S25,20,SC,country:in/state:wb,country:in/state:wb/lok-sabha:20
WB,Jaynagar (Lok Sabha constituency),Q6167862,S25,19,SC,country:in/state:wb,country:in/state:wb/lok-sabha:19
WB,Diamond Harbour,Q5270807,S25,21,GEN,country:in/state:wb,country:in/state:wb/lok-sabha:21
WB,Kanthi,Q3351410,S25,31,GEN,country:in/state:wb,country:in/state:wb/lok-sabha:31
WB,Basirhat,Q4867561,S25,18,GEN,country:in/state:wb,country:in/state:wb/lok-sabha:18
WB,Bangaon,Q4855093,S25,14,SC,country:in/state:wb,country:in/state:wb/lok-sabha:14
WB,Cooch Behar,Q3351420,S25,1,SC,country:in/state:wb,country:in/state:wb/lok-sabha:1
WB,Alipurduars,Q4726846,S25,2,ST,country:in/state:wb,country:in/state:wb/lok-sabha:2
WB,Jalpaiguri,Q3348198,S25,3,SC,country:in/state:wb,country:in/state:wb/lok-sabha:3
WB,Barrackpore,Q4863171,S25,15,GEN,country:in/state:wb,country:in/state:wb/lok-sabha:15
WB,Howrah,Q3348243,S25,25,GEN,country:in/state:wb,country:in/state:wb/lok-sabha:25
WB,Jadavpur,Q12428678,S25,22,GEN,country:in/state:wb,country:in/state:wb/lok-sabha:22
WB,Hooghly,Q12460669,S25,28,GEN,country:in/state:wb,country:in/state:wb/lok-sabha:28
WB,Sreerampur,Q7585738,S25,27,GEN,country:in/state:wb,country:in/state:wb/lok-sabha:27
WB,Baharampur,Q4842446,S25,10,GEN,country:in/state:wb,country:in/state:wb/lok-sabha:10
WB,Maldaha Dakshin,Q6742775,S25,8,GEN,country:in/state:wb,country:in/state:wb/lok-sabha:8
WB,Raiganj,Q12449852,S25,5,GEN,country:in/state:wb,country:in/state:wb/lok-sabha:5
WB,Ghatal,Q5555886,S25,32,GEN,country:in/state:wb,country:in/state:wb/lok-sabha:32
WB,Dum Dum,Q5313570,S25,16,GEN,country:in/state:wb,country:in/state:wb/lok-sabha:16
GJ,Kachchh,Q6344634,S06,1,SC,country:in/state:gj,country:in/state:gj/lok-sabha:1
LD,Lakshadweep,Q6479803,U06,1,ST,country:in/union-territory:ld,country:in/union-territory:ld/lok-sabha:1
