ST_NAME,WIKIDATA,PC_CODE,PC_NAME,MS_FB,MS_FB_PARE,ST_CODE,Res,NAME_HI
AN,Q3530684,1,Andaman and Nicobar Islands,country:in/union-territory:an/lok-sabha:1,country:in/union-territory:an,U01,GEN,अण्डमान और निकोबार द्वीपसमूह लोक सभा निर्वाचन क्षेत्र
AP,Q8064692,5,Zahirabad,country:in/state:ap/lok-sabha:5,country:in/state:ap,S01,GEN,ज़हीराबाद लोक सभा निर्वाचन क्षेत्र सम्पादन
AP,Q3633068,18,Araku,country:in/state:ap/lok-sabha:18,country:in/state:ap,S01,ST,अराकु लोक सभा निर्वाचन क्षेत्र
AP,Q3764091,17,Khammam,country:in/state:ap/lok-sabha:17,country:in/state:ap,S01,GEN,खम्माम लोक सभा निर्वाचन क्षेत्र
AP,Q3764036,6,Medak,country:in/state:ap/lok-sabha:6,country:in/state:ap,S01,GEN,मेडक लोक सभा निर्वाचन क्षेत्र
AP,Q3630236,22,Anakapalli,country:in/state:ap/lok-sabha:22,country:in/state:ap,S01,GEN,अनकापल्ली लोक सभा निर्वाचन क्षेत्र
AP,Q4901952,14,Bhuvanagiri,country:in/state:ap/lok-sabha:14,country:in/state:ap,S01,GEN,भोंगीर लोक सभा निर्वाचन क्षेत्र
AP,Q5094314,10,Chevella,country:in/state:ap/lok-sabha:10,country:in/state:ap,S01,GEN,चेवेल्ला लोक सभा निर्वाचन क्षेत्र
AP,Q3764487,19,Srikakulam,country:in/state:ap/lok-sabha:19,country:in/state:ap,S01,GEN,श्रीकाकुलम लोक सभा निर्वाचन क्षेत्र
AP,Q3764062,27,Eluru,country:in/state:ap/lok-sabha:27,country:in/state:ap,S01,GEN,एलूरू लोक सभा निर्वाचन क्षेत्र
AP,Q3764327,8,Secunderabad,country:in/state:ap/lok-sabha:8,country:in/state:ap,S01,GEN,सिकन्दराबाद लोक सभा निर्वाचन क्षेत्र
AP,Q3764496,2,Peddapalli,country:in/state:ap/lok-sabha:2,country:in/state:ap,S01,SC,पेड्डापल्ले लोक सभा निर्वाचन क्षेत्र
AP,Q3764342,25,Rajahmundry,country:in/state:ap/lok-sabha:25,country:in/state:ap,S01,GEN,राजामुन्दरी लोक सभा निर्वाचन क्षेत्र
AP,Q3763969,13,Nalgonda,country:in/state:ap/lok-sabha:13,country:in/state:ap,S01,GEN,नालगौंडा लोक सभा निर्वाचन क्षेत्र
AP,Q3763879,26,Narsapuram,country:in/state:ap/lok-sabha:26,country:in/state:ap,S01,GEN,नरसापुरम लोक सभा निर्वाचन क्षेत्र
AP,Q3630009,12,Nagarkurnool,country:in/state:ap/lok-sabha:12,country:in/state:ap,S01,SC,नगर कुरनूल लोक सभा निर्वाचन क्षेत्र
AP,Q3630204,24,Amalapuram,country:in/state:ap/lok-sabha:24,country:in/state:ap,S01,SC,अमलापुरम लोक सभा निर्वाचन क्षेत्र
AP,Q3764443,31,Narasaraopet,country:in/state:ap/lok-sabha:31,country:in/state:ap,S01,GEN,नरसारावपेट लोक सभा निर्वाचन क्षेत्र
AP,Q3765244,28,Machilipatnam,country:in/state:ap/lok-sabha:28,country:in/state:ap,S01,GEN,मछलीपत्तनम लोक सभा निर्वाचन क्षेत्र
AP,Q3764410,30,Guntur,country:in/state:ap/lok-sabha:30,country:in/state:ap,S01,GEN,गुंटूर लोक सभा निर्वाचन क्षेत्र
AP,Q3764026,33,Ongole,country:in/state:ap/lok-sabha:33,country:in/state:ap,S01,GEN,ओंगोले लोक सभा निर्वाचन क्षेत्र
AP,Q3630032,32,Bapatla,country:in/state:ap/lok-sabha:32,country:in/state:ap,S01,SC,बापतला लोक सभा निर्वाचन क्षेत्र
AP,Q3763840,35,Kurnool,country:in/state:ap/lok-sabha:35,country:in/state:ap,S01,GEN,कुरनूल लोक सभा निर्वाचन क्षेत्र
AP,Q3764353,3,Karimnagar,country:in/state:ap/lok-sabha:3,country:in/state:ap,S01,GEN,करीमनगर लोक सभा निर्वाचन क्षेत्र
AP,Q3764335,4,Nizamabad,country:in/state:ap/lok-sabha:4,country:in/state:ap,S01,GEN,निजामाबाद लोक सभा निर्वाचन क्षेत्र
AP,Q7938017,20,Vizianagaram,country:in/state:ap/lok-sabha:20,country:in/state:ap,S01,GEN,विजियानगरम लोक सभा निर्वाचन क्षेत्र
AP,Q3764050,23,Kakinada,country:in/state:ap/lok-sabha:23,country:in/state:ap,S01,GEN,काकीनाड़ा लोक सभा निर्वाचन क्षेत्र
AP,Q3630014,1,Adilabad,country:in/state:ap/lok-sabha:1,country:in/state:ap,S01,ST,अदीलाबाद लोक सभा निर्वाचन क्षेत्र
AP,Q3764476,41,Rajampet,country:in/state:ap/lok-sabha:41,country:in/state:ap,S01,GEN,राजमपेट
AP,Q3764509,39,Nellore,country:in/state:ap/lok-sabha:39,country:in/state:ap,S01,GEN,नेल्लौर लोक सभा निर्वाचन क्षेत्र
AP,Q3630239,36,Anantapuramu,country:in/state:ap/lok-sabha:36,country:in/state:ap,S01,GEN,अनन्तपुर लोक सभा निर्वाचन क्षेत्र
AP,Q3764405,38,Kadapa,country:in/state:ap/lok-sabha:38,country:in/state:ap,S01,GEN,कडापा लोक सभा निर्वाचन क्षेत्र
AP,Q3764367,34,Nandyal,country:in/state:ap/lok-sabha:34,country:in/state:ap,S01,GEN,नांदयाल लोक सभा निर्वाचन क्षेत्र
AP,Q6732720,16,Mahabubabad,country:in/state:ap/lok-sabha:16,country:in/state:ap,S01,ST,महबूबाबाद लोक सभा निर्वाचन क्षेत्र
AP,Q3763885,42,Chittoor,country:in/state:ap/lok-sabha:42,country:in/state:ap,S01,SC,चित्तूर लोक सभा निर्वाचन क्षेत्र
AP,Q3764514,40,Tirupati,country:in/state:ap/lok-sabha:40,country:in/state:ap,S01,SC,तिरुपति लोक सभा निर्वाचन क्षेत्र
AP,Q3764429,37,Hindupur,country:in/state:ap/lok-sabha:37,country:in/state:ap,S01,GEN,हिन्दुपुर लोक सभा निर्वाचन क्षेत्र
AP,Q3630208,11,Mahabubnagar,country:in/state:ap/lok-sabha:11,country:in/state:ap,S01,GEN,
AP,Q3765236,29,Vijayawada,country:in/state:ap/lok-sabha:29,country:in/state:ap,S01,GEN,विजयवाड़ा लोक सभा निर्वाचन क्षेत्र
AP,Q3763974,21,Visakhapatnam,country:in/state:ap/lok-sabha:21,country:in/state:ap,S01,GEN,विशाखापत्तनम लोक सभा निर्वाचन क्षेत्र
AP,Q3763938,15,Warangal,country:in/state:ap/lok-sabha:15,country:in/state:ap,S01,SC,वारंगल लोक सभा निर्वाचन क्षेत्र
AP,Q3764307,9,Hyderabad,country:in/state:ap/lok-sabha:9,country:in/state:ap,S01,GEN,हैदराबाद लोक सभा निर्वाचन क्षेत्र
AP,Q6743862,7,Malkajgiri,country:in/state:ap/lok-sabha:7,country:in/state:ap,S01,GEN,मल्काजगिरि लोक सभा निर्वाचन क्षेत्र
AR,Q1659305,1,Arunachal West,country:in/state:ar/lok-sabha:1,country:in/state:ar,S02,GEN,अरुणाचल पश्चिम लोक सभा निर्वाचन क्षेत्र
AR,Q1659329,2,Arunachal East,country:in/state:ar/lok-sabha:2,country:in/state:ar,S02,GEN,अरुणाचल पूर्व लोक सभा निर्वाचन क्षेत्र
AS,Q1609659,14,Lakhimpur,country:in/state:as/lok-sabha:14,country:in/state:as,S03,GEN,लखीमपुर लोक सभा निर्वाचन क्षेत्र
AS,Q1606690,13,Dibrugarh,country:in/state:as/lok-sabha:13,country:in/state:as,S03,GEN,डिब्रुगढ़ लोक सभा निर्वाचन क्षेत्र
AS,Q6278852,12,Jorhat,country:in/state:as/lok-sabha:12,country:in/state:as,S03,GEN,जोरहाट लोक सभा निर्वाचन क्षेत्र
AS,Q1606703,9,Tezpur,country:in/state:as/lok-sabha:9,country:in/state:as,S03,GEN,तेजपुर लोक सभा निर्वाचन क्षेत्र
AS,Q1606642,11,Kaliabor,country:in/state:as/lok-sabha:11,country:in/state:as,S03,GEN,कलियाबोर लोक सभा निर्वाचन क्षेत्र
AS,Q1606654,8,Mangaldoi,country:in/state:as/lok-sabha:8,country:in/state:as,S03,GEN,मंगलदोई लोक सभा निर्वाचन क्षेत्र
AS,Q1606595,10,Nowgong,country:in/state:as/lok-sabha:10,country:in/state:as,S03,GEN,नौगांव लोक सभा निर्वाचन क्षेत्र
AS,Q1606679,3,Autonomous District,country:in/state:as/lok-sabha:3,country:in/state:as,S03,ST,स्वशासी जिला-असम लोक सभा निर्वाचन क्षेत्र
AS,Q1606616,4,Dhubri,country:in/state:as/lok-sabha:4,country:in/state:as,S03,GEN,धुबरी लोक सभा निर्वाचन क्षेत्र
AS,Q1606665,1,Karimganj,country:in/state:as/lok-sabha:1,country:in/state:as,S03,SC,करीमगंज लोक सभा निर्वाचन क्षेत्र
AS,Q1606626,2,Silchar,country:in/state:as/lok-sabha:2,country:in/state:as,S03,GEN,सिल्चर लोक सभा निर्वाचन क्षेत्र
AS,Q1606670,5,Kokrajhar,country:in/state:as/lok-sabha:5,country:in/state:as,S03,ST,कोकराझार लोक सभा निर्वाचन क्षेत्र
AS,Q1606633,7,Gauhati,country:in/state:as/lok-sabha:7,country:in/state:as,S03,GEN,गुवाहाटी लोक सभा निर्वाचन क्षेत्र
AS,Q1606606,6,Barpeta,country:in/state:as/lok-sabha:6,country:in/state:as,S03,GEN,बारपेटा लोक सभा निर्वाचन क्षेत्र
BR,Q3633305,15,Muzaffarpur,country:in/state:br/lok-sabha:15,country:in/state:br,S04,GEN,मुजफ्फरपुर लोक सभा निर्वाचन क्षेत्र
BR,Q7912496,1,Valmiki Nagar,country:in/state:br/lok-sabha:1,country:in/state:br,S04,GEN,वाल्मीकि नगर लोक सभा निर्वाचन क्षेत्र
BR,Q3632717,9,Araria,country:in/state:br/lok-sabha:9,country:in/state:br,S04,GEN,अररिया लोक सभा निर्वाचन क्षेत्र
BR,Q3633217,17,Gopalganj,country:in/state:br/lok-sabha:17,country:in/state:br,S04,SC,गोपालगंज लोक सभा निर्वाचन क्षेत्र
BR,Q7532526,18,Siwan,country:in/state:br/lok-sabha:18,country:in/state:br,S04,GEN,सीवान लोक सभा निर्वाचन क्षेत्र
BR,Q7908854,16,Vaishali,country:in/state:br/lok-sabha:16,country:in/state:br,S04,GEN,वैशाली लोक सभा निर्वाचन क्षेत्र
BR,Q6190886,7,Jhanjharpur,country:in/state:br/lok-sabha:7,country:in/state:br,S04,GEN,झंझारपुर लोक सभा निर्वाचन क्षेत्र
BR,Q12457988,8,Supaul,country:in/state:br/lok-sabha:8,country:in/state:br,S04,GEN,सुपौल लोक सभा निर्वाचन क्षेत्र
BR,Q7141801,2,Paschim Champaran,country:in/state:br/lok-sabha:2,country:in/state:br,S04,GEN,पश्चिम चम्पारण लोक सभा निर्वाचन क्षेत्र
BR,Q3632704,6,Madhubani,country:in/state:br/lok-sabha:6,country:in/state:br,S04,GEN,मधुबनी लोक सभा निर्वाचन क्षेत्र
BR,Q12419668,10,Kishanganj,country:in/state:br/lok-sabha:10,country:in/state:br,S04,GEN,किशनगंज लोक सभा निर्वाचन क्षेत्र
BR,Q5222212,14,Darbhanga,country:in/state:br/lok-sabha:14,country:in/state:br,S04,GEN,दरभंगा लोक सभा निर्वाचन क्षेत्र
BR,Q3633423,12,Purnia,country:in/state:br/lok-sabha:12,country:in/state:br,S04,GEN,पूर्णिया लोक सभा निर्वाचन क्षेत्र
BR,Q6733273,19,Maharajganj (Bihar),country:in/state:br/lok-sabha:19,country:in/state:br,S04,GEN,महराजगंज (बिहार) लोकसभा निर्वाचन क्षेत्र
BR,Q6727343,13,Madhepura,country:in/state:br/lok-sabha:13,country:in/state:br,S04,GEN,मधेपुरा लोक सभा निर्वाचन क्षेत्र
BR,Q4880639,24,Begusarai,country:in/state:br/lok-sabha:24,country:in/state:br,S04,GEN,बेगूसराय लोक सभा निर्वाचन क्षेत्र
BR,Q3632604,32,Arrah,country:in/state:br/lok-sabha:32,country:in/state:br,S04,GEN,आरा लोक सभा निर्वाचन क्षेत्र
BR,Q3633377,34,Sasaram,country:in/state:br/lok-sabha:34,country:in/state:br,S04,SC,सासाराम लोक सभा निर्वाचन क्षेत्र
BR,Q3633321,39,Nawada,country:in/state:br/lok-sabha:39,country:in/state:br,S04,GEN,नवादा लोक सभा निर्वाचन क्षेत्र
BR,Q4856235,27,Banka,country:in/state:br/lok-sabha:27,country:in/state:br,S04,GEN,बांका लोक सभा निर्वाचन क्षेत्र
BR,Q6960794,29,Nalanda,country:in/state:br/lok-sabha:29,country:in/state:br,S04,GEN,नालन्दा लोक सभा निर्वाचन क्षेत्र
BR,Q3633289,11,Katihar,country:in/state:br/lok-sabha:11,country:in/state:br,S04,GEN,कटिहार लोक सभा निर्वाचन क्षेत्र
BR,Q7408890,23,Samastipur,country:in/state:br/lok-sabha:23,country:in/state:br,S04,SC,समस्तीपुर लोक सभा निर्वाचन क्षेत्र
BR,Q6398963,25,Khagaria,country:in/state:br/lok-sabha:25,country:in/state:br,S04,GEN,खगड़िया लोक सभा निर्वाचन क्षेत्र
BR,Q7144222,31,Pataliputra,country:in/state:br/lok-sabha:31,country:in/state:br,S04,GEN,पाटलिपुत्र लोक सभा निर्वाचन क्षेत्र
BR,Q5003234,33,Buxar,country:in/state:br/lok-sabha:33,country:in/state:br,S04,GEN,बक्सर लोक सभा निर्वाचन क्षेत्र
BR,Q7145114,30,Patna Sahib (Lok Sabha constituency),country:in/state:br/lok-sabha:30,country:in/state:br,S04,GEN,पटना साहिब लोक सभा निर्वाचन क्षेत्र
BR,Q3633257,26,Bhagalpur,country:in/state:br/lok-sabha:26,country:in/state:br,S04,GEN,भागलपुर लोक सभा निर्वाचन क्षेत्र
BR,Q3633242,28,Munger,country:in/state:br/lok-sabha:28,country:in/state:br,S04,GEN,मुंगेर लोक सभा निर्वाचन क्षेत्र
BR,Q7261669,3,Purvi Champaran,country:in/state:br/lok-sabha:3,country:in/state:br,S04,GEN,पूर्वी चम्पारण लोक सभा निर्वाचन क्षेत्र
BR,Q7494394,4,Sheohar,country:in/state:br/lok-sabha:4,country:in/state:br,S04,GEN,शिवहर लोक सभा निर्वाचन क्षेत्र
BR,Q7531640,5,Sitamarhi,country:in/state:br/lok-sabha:5,country:in/state:br,S04,GEN,सीतामढ़ी लोक सभा निर्वाचन क्षेत्र
BR,Q7878191,22,Ujiarpur,country:in/state:br/lok-sabha:22,country:in/state:br,S04,GEN,उजियारपुर लोक सभा निर्वाचन क्षेत्र
BR,Q3633148,21,Hajipur,country:in/state:br/lok-sabha:21,country:in/state:br,S04,SC,हाजीपुर लोक सभा निर्वाचन क्षेत्र
BR,Q6368090,35,Karakat,country:in/state:br/lok-sabha:35,country:in/state:br,S04,GEN,काराकाट लोक सभा निर्वाचन क्षेत्र
BR,Q7423046,20,Saran,country:in/state:br/lok-sabha:20,country:in/state:br,S04,GEN,सारण लोक सभा निर्वाचन क्षेत्र
BR,Q12428079,40,Jamui,country:in/state:br/lok-sabha:40,country:in/state:br,S04,SC,जमुई लोक सभा निर्वाचन क्षेत्र
BR,Q4822111,37,Aurangabad (Bihar),country:in/state:br/lok-sabha:37,country:in/state:br,S04,GEN,औरंगाबाद (बिहार) लोक सभा निर्वाचन क्षेत्र
BR,Q3633170,38,Gaya,country:in/state:br/lok-sabha:38,country:in/state:br,S04,SC,गया लोक सभा निर्वाचन क्षेत्र
BR,Q12428505,36,Jahanabad,country:in/state:br/lok-sabha:36,country:in/state:br,S04,GEN,जहानाबाद लोक सभा निर्वाचन क्षेत्र
CG,Q6154769,3,Janjgir,country:in/state:ct/lok-sabha:3,country:in/state:ct,S26,SC,जांजगीर-चंपा लोक सभा निर्वाचन क्षेत्र
CG,Q12449885,8,Raipur,country:in/state:ct/lok-sabha:8,country:in/state:ct,S26,GEN,रायपुर लोक सभा निर्वाचन क्षेत्र
CG,Q255234,1,Surguja,country:in/state:ct/lok-sabha:1,country:in/state:ct,S26,ST,सरगुजा लोक सभा निर्वाचन क्षेत्र
CG,Q4907564,5,Bilaspur,country:in/state:ct/lok-sabha:5,country:in/state:ct,S26,GEN,बिलासपुर लोक सभा निर्वाचन क्षेत्र
CG,Q7286332,6,Rajnandgaon,country:in/state:ct/lok-sabha:6,country:in/state:ct,S26,GEN,राजनन्दगांव लोक सभा निर्वाचन क्षेत्र
CG,Q3632662,7,Durg,country:in/state:ct/lok-sabha:7,country:in/state:ct,S26,GEN,दुर्ग लोक सभा निर्वाचन क्षेत्र
CG,Q12446106,9,Mahasamund,country:in/state:ct/lok-sabha:9,country:in/state:ct,S26,GEN,महासमुन्द लोक सभा निर्वाचन क्षेत्र
CG,Q7283824,2,Raigarh,country:in/state:ct/lok-sabha:2,country:in/state:ct,S26,ST,रायगड लोक सभा निर्वाचन क्षेत्र
CG,Q12418918,11,Kanker,country:in/state:ct/lok-sabha:11,country:in/state:ct,S26,ST,कांकेर लोक सभा निर्वाचन क्षेत्र
CG,Q4868222,10,Bastar,country:in/state:ct/lok-sabha:10,country:in/state:ct,S26,ST,बस्तर लोक सभा निर्वाचन क्षेत्र
CG,Q6431463,4,Korba,country:in/state:ct/lok-sabha:4,country:in/state:ct,S26,GEN,कोरबा लोक सभा निर्वाचन क्षेत्र
CH,Q5071061,1,Chandigarh,country:in/union-territory:ch/lok-sabha:1,country:in/union-territory:ch,U02,GEN,
DD,Q5211945,1,Daman and Diu,country:in/union-territory:dd/lok-sabha:1,country:in/union-territory:dd,U04,GEN,दमन और दीव लोक सभा निर्वाचन क्षेत्र
DL,Q7984938,6,West Delhi,country:in/union-territory:dl/lok-sabha:6,country:in/union-territory:dl,U05,GEN,पश्चिम दिल्ली लोकसभा निर्वाचन क्षेत्र
DL,Q7057245,5,North West Delhi,country:in/union-territory:dl/lok-sabha:5,country:in/union-territory:dl,U05,SC,उत्तर पश्चिम दिल्ली लोकसभा निर्वाचन क्षेत्र
DL,Q5071226,1,Chandni Chowk,country:in/union-territory:dl/lok-sabha:1,country:in/union-territory:dl,U05,GEN,चाँदनी चौक लोकसभा निर्वाचन क्षेत्र
DL,Q7055185,2,North East Delhi,country:in/union-territory:dl/lok-sabha:2,country:in/union-territory:dl,U05,GEN,उत्तर पूर्वी दिल्ली लोकसभा निर्वाचन क्षेत्र
DL,Q7567023,7,South Delhi,country:in/union-territory:dl/lok-sabha:7,country:in/union-territory:dl,U05,GEN,दक्षिण दिल्ली
DL,Q5328213,3,East Delhi,country:in/union-territory:dl/lok-sabha:3,country:in/union-territory:dl,U05,GEN,पूर्वी दिल्ली लोकसभा निर्वाचन क्षेत्र
DL,Q13118215,4,New Delhi,country:in/union-territory:dl/lok-sabha:4,country:in/union-territory:dl,U05,GEN,नई दिल्ली लोकसभा निर्वाचन क्षेत्र
DN,Q5208111,1,Dadra and Nagar Haveli,country:in/union-territory:dn/lok-sabha:1,country:in/union-territory:dn,U03,ST,दादरा और नगर हवेली लोक सभा निर्वाचन क्षेत्र
GA,Q7567370,2,South Goa,country:in/state:ga/lok-sabha:2,country:in/state:ga,S05,GEN,दक्षिण गोवा लोक सभा निर्वाचन क्षेत्र
GA,Q12416142,1,North Goa,country:in/state:ga/lok-sabha:1,country:in/state:ga,S05,GEN,उत्तर गोवा लोक सभा निर्वाचन क्षेत्र
GJ,Q4860193,23,Bardoli,country:in/state:gj/lok-sabha:23,country:in/state:gj,S06,ST,बारडोली लोक सभा निर्वाचन क्षेत्र
GJ,Q6311592,13,Junagadh,country:in/state:gj/lok-sabha:13,country:in/state:gj,S06,GEN,जूनागढ़ लोक सभा निर्वाचन क्षेत्र
GJ,Q7645435,24,Surat,country:in/state:gj/lok-sabha:24,country:in/state:gj,S06,GEN,सूरत लोक सभा निर्वाचन क्षेत्र
GJ,Q6401180,17,Kheda,country:in/state:gj/lok-sabha:17,country:in/state:gj,S06,GEN,खेडा लोक सभा निर्वाचन क्षेत्र
GJ,Q3764468,8,Ahmedabad West,country:in/state:gj/lok-sabha:8,country:in/state:gj,S06,SC,अहमदाबाद पश्चिम लोक सभा निर्वाचन क्षेत्र
GJ,Q6148068,12,Jamnagar,country:in/state:gj/lok-sabha:12,country:in/state:gj,S06,GEN,जामनगर लोक सभा निर्वाचन क्षेत्र
GJ,Q7395911,5,Sabarkantha,country:in/state:gj/lok-sabha:5,country:in/state:gj,S06,GEN,साबरकंठा लोक सभा निर्वाचन क्षेत्र
GJ,Q3764387,2,Banaskantha,country:in/state:gj/lok-sabha:2,country:in/state:gj,S06,GEN,बनासकांठा लोक सभा निर्वाचन क्षेत्र
GJ,Q7144231,3,Patan,country:in/state:gj/lok-sabha:3,country:in/state:gj,S06,GEN,पाटन लोक सभा निर्वाचन क्षेत्र
GJ,Q7130343,18,Panchmahal,country:in/state:gj/lok-sabha:18,country:in/state:gj,S06,GEN,पंचमहल लोक सभा निर्वाचन क्षेत्र
GJ,Q5208930,19,Dahod,country:in/state:gj/lok-sabha:19,country:in/state:gj,S06,ST,दोहद लोक सभा निर्वाचन क्षेत्र
GJ,Q7908337,20,Vadodara,country:in/state:gj/lok-sabha:20,country:in/state:gj,S06,GEN,वडोदरा लोक सभा निर्वाचन क्षेत्र
GJ,Q4751232,16,Anand,country:in/state:gj/lok-sabha:16,country:in/state:gj,S06,GEN,आनन्द लोक सभा निर्वाचन क्षेत्र
GJ,Q3765227,14,Amreli,country:in/state:gj/lok-sabha:14,country:in/state:gj,S06,GEN,अमरेली लोक सभा निर्वाचन क्षेत्र
GJ,Q4696121,7,Ahmedabad East,country:in/state:gj/lok-sabha:7,country:in/state:gj,S06,GEN,अहमदाबाद पूर्व लोक सभा निर्वाचन क्षेत्र
GJ,Q11222818,10,Rajkot,country:in/state:gj/lok-sabha:10,country:in/state:gj,S06,GEN,राजकोट लोक सभा निर्वाचन क्षेत्र
GJ,Q7645700,9,Surendranagar,country:in/state:gj/lok-sabha:9,country:in/state:gj,S06,GEN,सुरेन्द्रनगर लोक सभा निर्वाचन क्षेत्र
GJ,Q6982569,25,Navsari,country:in/state:gj/lok-sabha:25,country:in/state:gj,S06,GEN,नवसारी लोक सभा निर्वाचन क्षेत्र
GJ,Q4901329,22,Bharuch,country:in/state:gj/lok-sabha:22,country:in/state:gj,S06,GEN,भरूच लोक सभा निर्वाचन क्षेत्र
GJ,Q5094957,21,Chhota Udaipur,country:in/state:gj/lok-sabha:21,country:in/state:gj,S06,ST,छोटा उदयपुर लोक सभा निर्वाचन क्षेत्र
GJ,Q7229961,11,Porbandar,country:in/state:gj/lok-sabha:11,country:in/state:gj,S06,GEN,पोरबंदर लोक सभा निर्वाचन क्षेत्र
GJ,Q7912607,26,Valsad,country:in/state:gj/lok-sabha:26,country:in/state:gj,S06,ST,वलसाड लोक सभा निर्वाचन क्षेत्र
GJ,Q5520735,6,Gandhinagar,country:in/state:gj/lok-sabha:6,country:in/state:gj,S06,GEN,गांधीनगर लोक सभा निर्वाचन क्षेत्र
GJ,Q6733840,4,Mahesana,country:in/state:gj/lok-sabha:4,country:in/state:gj,S06,GEN,मेहसाना लोक सभा निर्वाचन क्षेत्र
GJ,Q4901564,15,Bhavnagar,country:in/state:gj/lok-sabha:15,country:in/state:gj,S06,GEN,भावनगर लोक सभा निर्वाचन क्षेत्र
HP,Q5645333,3,Hamirpur,country:in/state:hp/lok-sabha:3,country:in/state:hp,S08,GEN,हमीरपुर (उत्तर प्रदेश) लोक सभा निर्वाचन क्षेत्र
HP,Q6362861,1,Kangra,country:in/state:hp/lok-sabha:1,country:in/state:hp,S08,GEN,कांगड़ा लोक सभा निर्वाचन क्षेत्र
HP,Q7496887,4,Shimla,country:in/state:hp/lok-sabha:4,country:in/state:hp,S08,SC,शिमला लोक सभा निर्वाचन क्षेत्र
HP,Q6748042,2,Mandi,country:in/state:hp/lok-sabha:2,country:in/state:hp,S08,GEN,मंडी लोक सभा निर्वाचन क्षेत्र
HR,Q4740955,1,Ambala,country:in/state:hr/lok-sabha:1,country:in/state:hr,S07,SC,अम्बाला लोक सभा निर्वाचन क्षेत्र
HR,Q6447358,2,Kurukshetra,country:in/state:hr/lok-sabha:2,country:in/state:hr,S07,GEN,कुरुक्षेत्र
HR,Q7530618,3,Sirsa,country:in/state:hr/lok-sabha:3,country:in/state:hr,S07,SC,सिरसा लोक सभा निर्वाचन क्षेत्र
HR,Q6372812,5,Karnal,country:in/state:hr/lok-sabha:5,country:in/state:hr,S07,GEN,करनाल लोक सभा निर्वाचन क्षेत्र
HR,Q7561886,6,Sonipat,country:in/state:hr/lok-sabha:6,country:in/state:hr,S07,GEN,सोनीपत लोक सभा निर्वाचन क्षेत्र
HR,Q12460611,4,Hisar,country:in/state:hr/lok-sabha:4,country:in/state:hr,S07,GEN,हिसार लोक सभा निर्वाचन क्षेत्र
HR,Q7359839,7,Rohtak,country:in/state:hr/lok-sabha:7,country:in/state:hr,S07,GEN,रोहतक लोक सभा निर्वाचन क्षेत्र
HR,Q4901856,8,Bhiwani-Mahendragarh,country:in/state:hr/lok-sabha:8,country:in/state:hr,S07,GEN,भिवानी महेन्द्रगढ़ लोक सभा निर्वाचन क्षेत्र
HR,Q5620004,9,Gurgaon,country:in/state:hr/lok-sabha:9,country:in/state:hr,S07,GEN,गुड़गांव लोक सभा निर्वाचन क्षेत्र
HR,Q5435282,10,Faridabad,country:in/state:hr/lok-sabha:10,country:in/state:hr,S07,GEN,फरीदाबाद लोक सभा निर्वाचन क्षेत्र
JH,Q6148213,9,Jamshedpur,country:in/state:jh/lok-sabha:9,country:in/state:jh,S27,GEN,जमशेदपुर लोक सभा निर्वाचन क्षेत्र
JH,Q3632303,10,Singhbhum,country:in/state:jh/lok-sabha:10,country:in/state:jh,S27,ST,सिंहभूम लोक सभा निर्वाचन क्षेत्र
JH,Q7286307,1,Rajmahal,country:in/state:jh/lok-sabha:1,country:in/state:jh,S27,ST,राजमहल लोक सभा निर्वाचन क्षेत्र
JH,Q5313895,2,Dumka,country:in/state:jh/lok-sabha:2,country:in/state:jh,S27,ST,दुमका लोक सभा निर्वाचन क्षेत्र
JH,Q5576233,3,Godda,country:in/state:jh/lok-sabha:3,country:in/state:jh,S27,GEN,गोड्डा लोक सभा निर्वाचन क्षेत्र
JH,Q3632686,13,Palamu,country:in/state:jh/lok-sabha:13,country:in/state:jh,S27,SC,पलामू लोक सभा निर्वाचन क्षेत्र
JH,Q3632585,14,Hazaribagh,country:in/state:jh/lok-sabha:14,country:in/state:jh,S27,GEN,हजारीबाग लोक सभा निर्वाचन क्षेत्र
JH,Q5268930,7,Dhanbad,country:in/state:jh/lok-sabha:7,country:in/state:jh,S27,GEN,धनबाद लोक सभा निर्वाचन क्षेत्र
JH,Q6425227,5,Kodarma,country:in/state:jh/lok-sabha:5,country:in/state:jh,S27,GEN,कोडरमा लोक सभा निर्वाचन क्षेत्र
JH,Q6667970,12,Lohardaga,country:in/state:jh/lok-sabha:12,country:in/state:jh,S27,ST,लोहरदगा लोक सभा निर्वाचन क्षेत्र
JH,Q6403035,11,Khunti,country:in/state:jh/lok-sabha:11,country:in/state:jh,S27,ST,खूँटी लोक सभा निर्वाचन क्षेत्र
JH,Q5087772,4,Chatra,country:in/state:jh/lok-sabha:4,country:in/state:jh,S27,GEN,चतरा लोक सभा निर्वाचन क्षेत्र
JH,Q7290802,8,Ranchi,country:in/state:jh/lok-sabha:8,country:in/state:jh,S27,GEN,राँची लोक सभा निर्वाचन क्षेत्र
JH,Q5564263,6,Giridih,country:in/state:jh/lok-sabha:6,country:in/state:jh,S27,GEN,गिरिडीह लोक सभा निर्वाचन क्षेत्र
JK,Q4252512,4,Ladakh,country:in/state:jk/lok-sabha:4,country:in/state:jk,S09,GEN,लद्दाख लोक सभा निर्वाचन क्षेत्र
JK,Q6147990,6,Jammu,country:in/state:jk/lok-sabha:6,country:in/state:jk,S09,GEN,जम्मू लोक सभा निर्वाचन क्षेत्र
JK,Q7586418,2,Srinagar,country:in/state:jk/lok-sabha:2,country:in/state:jk,S09,GEN,श्रीनगर लोक सभा निर्वाचन क्षेत्र
JK,Q4751497,3,Anantnag,country:in/state:jk/lok-sabha:3,country:in/state:jk,S09,GEN,अनंतनाग लोक सभा निर्वाचन क्षेत्र
JK,Q4858316,1,Baramulla,country:in/state:jk/lok-sabha:1,country:in/state:jk,S09,GEN,बारामूला लोक सभा निर्वाचन क्षेत्र
JK,Q7877193,5,Udhampur,country:in/state:jk/lok-sabha:5,country:in/state:jk,S09,GEN,उधमपुर लोक सभा निर्वाचन क्षेत्र
KA,Q4172532,5,Gulbarga,country:in/state:ka/lok-sabha:5,country:in/state:ka,S10,SC,गुलबर्गा लोक सभा निर्वाचन क्षेत्र
KA,Q4907176,4,Bijapur,country:in/state:ka/lok-sabha:4,country:in/state:ka,S10,SC,बीजापुर लोक सभा निर्वाचन क्षेत्र
KA,Q3939251,1,Chikkodi,country:in/state:ka/lok-sabha:1,country:in/state:ka,S10,GEN,चिक्कोडी लोक सभा निर्वाचन क्षेत्र
KA,Q4172533,6,Raichur,country:in/state:ka/lok-sabha:6,country:in/state:ka,S10,ST,रायचूर लोक सभा निर्वाचन क्षेत्र
KA,Q4348317,8,Koppal,country:in/state:ka/lok-sabha:8,country:in/state:ka,S10,GEN,कोप्पल लोक सभा निर्वाचन क्षेत्र
KA,Q4628043,10,Haveri,country:in/state:ka/lok-sabha:10,country:in/state:ka,S10,GEN,कावेरी लोक सभा निर्वाचन क्षेत्र
KA,Q4877000,13,Davangere,country:in/state:ka/lok-sabha:13,country:in/state:ka,S10,GEN,दावणगेरे लोक सभा निर्वाचन क्षेत्र
KA,Q5097405,27,Chikballapur,country:in/state:ka/lok-sabha:27,country:in/state:ka,S10,GEN,चिकबलपुर लोक सभा निर्वाचन क्षेत्र
KA,Q7877355,15,Udupi Chikmagalur,country:in/state:ka/lok-sabha:15,country:in/state:ka,S10,GEN,उदुपी चिकमगलूर लोक सभा निर्वाचन क्षेत्र
KA,Q5245318,19,Tumkur,country:in/state:ka/lok-sabha:19,country:in/state:ka,S10,GEN,तुमकुर लोक सभा निर्वाचन क्षेत्र
KA,Q6427060,28,Kolar,country:in/state:ka/lok-sabha:28,country:in/state:ka,S10,SC,कोलार लोक सभा निर्वाचन क्षेत्र
KA,Q4855074,23,Bangalore Rural Lok Sabha constituency,country:in/state:ka/lok-sabha:23,country:in/state:ka,S10,GEN,बंगलौर ग्रामीण लोक सभा निर्वाचन क्षेत्र
KA,Q5269410,11,Dharwad,country:in/state:ka/lok-sabha:11,country:in/state:ka,S10,GEN,धारवाड़ लोक सभा निर्वाचन क्षेत्र
KA,Q4855069,24,Bangalore North,country:in/state:ka/lok-sabha:24,country:in/state:ka,S10,GEN,बंगलौर उत्तर लोक सभा निर्वाचन क्षेत्र
KA,Q5121423,17,Dakshina Kannada,country:in/state:ka/lok-sabha:17,country:in/state:ka,S10,GEN,दक्षिण कन्नड लोक सभा निर्वाचन क्षेत्र
KA,Q5332086,21,Mysore,country:in/state:ka/lok-sabha:21,country:in/state:ka,S10,GEN,मैसूर
KA,Q5069470,22,Chamarajanagar,country:in/state:ka/lok-sabha:22,country:in/state:ka,S10,SC,चामराजनगर लोक सभा निर्वाचन क्षेत्र
KA,Q5187868,20,Mandya,country:in/state:ka/lok-sabha:20,country:in/state:ka,S10,GEN,मांडया लोक सभा निर्वाचन क्षेत्र
KA,Q3521014,9,Bellary,country:in/state:ka/lok-sabha:9,country:in/state:ka,S10,ST,बेल्लारी लोक सभा निर्वाचन क्षेत्र
KA,Q5102316,18,Chitradurga,country:in/state:ka/lok-sabha:18,country:in/state:ka,S10,SC,चित्रदुर्ग लोक सभा निर्वाचन क्षेत्र
KA,Q3883318,7,Bidar,country:in/state:ka/lok-sabha:7,country:in/state:ka,S10,GEN,बीदर लोक सभा निर्वाचन क्षेत्र
KA,Q4756549,12,Uttara Kannada,country:in/state:ka/lok-sabha:12,country:in/state:ka,S10,GEN,उत्तर कन्नड़ लोक सभा निर्वाचन क्षेत्र
KA,Q4876992,14,Shimoga,country:in/state:ka/lok-sabha:14,country:in/state:ka,S10,GEN,शिमोगा लोक सभा निर्वाचन क्षेत्र
KA,Q5679532,16,Haasan,country:in/state:ka/lok-sabha:16,country:in/state:ka,S10,GEN,हसन लोक सभा निर्वाचन क्षेत्र
KA,Q3995921,2,Belagavi,country:in/state:ka/lok-sabha:2,country:in/state:ka,S10,GEN,बेलगाम लोक सभा निर्वाचन क्षेत्र
KA,Q6509948,26,Bangalore South,country:in/state:ka/lok-sabha:26,country:in/state:ka,S10,GEN,बंगलौर दक्षिण लोक सभा निर्वाचन क्षेत्र
KA,Q4855038,25,Bangalore Central,country:in/state:ka/lok-sabha:25,country:in/state:ka,S10,GEN,बंगलौर केन्द्रीय लोक सभा निर्वाचन क्षेत्र
KA,Q4841427,3,Bagalkot,country:in/state:ka/lok-sabha:3,country:in/state:ka,S10,GEN,बागलकोट लोक सभा निर्वाचन क्षेत्र
KL,Q6741311,6,Malappuram,country:in/state:kl/lok-sabha:6,country:in/state:kl,S11,GEN,मलप्पुरम लोक सभा निर्वाचन क्षेत्र
KL,Q7144692,17,Pathanamthitta,country:in/state:kl/lok-sabha:17,country:in/state:kl,S11,GEN,पथनमथीट्टा लोक सभा निर्वाचन क्षेत्र
KL,Q3595483,16,Mavelikara,country:in/state:kl/lok-sabha:16,country:in/state:kl,S11,SC,मवेलीकारा लोक सभा निर्वाचन क्षेत्र
KL,Q7785502,20,Thiruvananthapuram,country:in/state:kl/lok-sabha:20,country:in/state:kl,S11,GEN,तिरुवनन्तपुरम लोक सभा निर्वाचन क्षेत्र
KL,Q3595511,8,Palakkad,country:in/state:kl/lok-sabha:8,country:in/state:kl,S11,GEN,पलक्काड लोक सभा निर्वाचन क्षेत्र
KL,Q3595199,10,Thrissur,country:in/state:kl/lok-sabha:10,country:in/state:kl,S11,GEN,त्रिस्सूर लोक सभा निर्वाचन क्षेत्र
KL,Q4708818,9,Alathur,country:in/state:kl/lok-sabha:9,country:in/state:kl,S11,SC,अलथूर लोक सभा निर्वाचन क्षेत्र
KL,Q3595257,1,Kasaragod,country:in/state:kl/lok-sabha:1,country:in/state:kl,S11,GEN,कासरगोड लोक सभा निर्वाचन क्षेत्र
KL,Q12413298,19,Attingal,country:in/state:kl/lok-sabha:19,country:in/state:kl,S11,GEN,अट्टिंगल लोक सभा निर्वाचन क्षेत्र
KL,Q3595264,3,Vadakara,country:in/state:kl/lok-sabha:3,country:in/state:kl,S11,GEN,वडकरा लोक सभा निर्वाचन क्षेत्र
KL,Q3595239,5,Kozhikode,country:in/state:kl/lok-sabha:5,country:in/state:kl,S11,GEN,कोष़िक्कोड लोक सभा निर्वाचन क्षेत्र
KL,Q3595261,2,Kannur,country:in/state:kl/lok-sabha:2,country:in/state:kl,S11,GEN,कन्नूर लोक सभा निर्वाचन क्षेत्र
KL,Q3595248,11,Chalakudy,country:in/state:kl/lok-sabha:11,country:in/state:kl,S11,GEN,चालाकुडी लोक सभा निर्वाचन क्षेत्र
KL,Q3595503,13,Idukki,country:in/state:kl/lok-sabha:13,country:in/state:kl,S11,GEN,इदुक्की लोक सभा निर्वाचन क्षेत्र
KL,Q3595510,15,Alappuzha,country:in/state:kl/lok-sabha:15,country:in/state:kl,S11,GEN,अलप्पुझा लोक सभा निर्वाचन क्षेत्र
KL,Q3595519,14,Kottayam,country:in/state:kl/lok-sabha:14,country:in/state:kl,S11,GEN,कोट्टायम लोक सभा निर्वाचन क्षेत्र
KL,Q3595286,18,Kollam,country:in/state:kl/lok-sabha:18,country:in/state:kl,S11,GEN,कोल्लम लोक सभा निर्वाचन क्षेत्र
KL,Q3595497,12,Ernakulam,country:in/state:kl/lok-sabha:12,country:in/state:kl,S11,GEN,एर्णाकुलम लोक सभा निर्वाचन क्षेत्र
KL,Q7975848,4,Wayanad,country:in/state:kl/lok-sabha:4,country:in/state:kl,S11,GEN,वयनाड लोक सभा निर्वाचन क्षेत्र
KL,Q3595235,7,Ponnani,country:in/state:kl/lok-sabha:7,country:in/state:kl,S11,GEN,पोन्नानी लोक सभा निर्वाचन क्षेत्र
MN,Q6035471,1,Inner Manipur,country:in/state:mn/lok-sabha:1,country:in/state:mn,S14,GEN,आंतरिक मणिपुर लोक सभा निर्वाचन क्षेत्र
MN,Q7111989,2,Outer Manipur,country:in/state:mn/lok-sabha:2,country:in/state:mn,S14,ST,बाहरी मणिपुर लोक सभा निर्वाचन क्षेत्र
MP,Q3634246,2,Bhind,country:in/state:mp/lok-sabha:2,country:in/state:mp,S12,SC,भिण्ड लोक सभा निर्वाचन क्षेत्र
MP,Q3633465,15,Balaghat,country:in/state:mp/lok-sabha:15,country:in/state:mp,S12,GEN,बालाघाट लोक सभा निर्वाचन क्षेत्र
MP,Q3634240,17,Hoshangabad,country:in/state:mp/lok-sabha:17,country:in/state:mp,S12,GEN,होशंगाबाद लोक सभा निर्वाचन क्षेत्र
MP,Q3634185,25,Dhar,country:in/state:mp/lok-sabha:25,country:in/state:mp,S12,ST,धार लोक सभा निर्वाचन क्षेत्र
MP,Q3634194,26,Indore,country:in/state:mp/lok-sabha:26,country:in/state:mp,S12,GEN,इन्दौर लोक सभा निर्वाचन क्षेत्र
MP,Q3634165,3,Gwalior,country:in/state:mp/lok-sabha:3,country:in/state:mp,S12,GEN,ग्वालियर लोक सभा निर्वाचन क्षेत्र
MP,Q7508585,11,Sidhi,country:in/state:mp/lok-sabha:11,country:in/state:mp,S12,GEN,सीधी लोक सभा निर्वाचन क्षेत्र
MP,Q3632253,20,Rajgarh,country:in/state:mp/lok-sabha:20,country:in/state:mp,S12,GEN,राजगढ़ लोक सभा निर्वाचन क्षेत्र
MP,Q7399007,5,Sagar,country:in/state:mp/lok-sabha:5,country:in/state:mp,S12,GEN,सागर लोक सभा निर्वाचन क्षेत्र
MP,Q12433303,7,Damoh,country:in/state:mp/lok-sabha:7,country:in/state:mp,S12,GEN,दमोह लोक सभा निर्वाचन क्षेत्र
MP,Q12453868,12,Shahdol,country:in/state:mp/lok-sabha:12,country:in/state:mp,S12,ST,शहडोल लोक सभा निर्वाचन क्षेत्र
MP,Q15649259,21,Dewas,country:in/state:mp/lok-sabha:21,country:in/state:mp,S12,SC,देवास लोक सभा निर्वाचन क्षेत्र
MP,Q3630725,22,Ujjain,country:in/state:mp/lok-sabha:22,country:in/state:mp,S12,SC,उज्जैन लोक सभा निर्वाचन क्षेत्र
MP,Q4901994,19,Bhopal,country:in/state:mp/lok-sabha:19,country:in/state:mp,S12,GEN,भोपाल लोक सभा निर्वाचन क्षेत्र
MP,Q7928100,18,Vidisha,country:in/state:mp/lok-sabha:18,country:in/state:mp,S12,GEN,विदिशा लोक सभा निर्वाचन क्षेत्र
MP,Q7295816,24,Ratlam,country:in/state:mp/lok-sabha:24,country:in/state:mp,S12,ST,रतलाम लोक सभा निर्वाचन क्षेत्र
MP,Q7319005,10,Rewa,country:in/state:mp/lok-sabha:10,country:in/state:mp,S12,GEN,रीवा लोक सभा निर्वाचन क्षेत्र
MP,Q12455246,9,Satna,country:in/state:mp/lok-sabha:9,country:in/state:mp,S12,GEN,सतना
MP,Q6748216,23,Mandsaur,country:in/state:mp/lok-sabha:23,country:in/state:mp,S12,GEN,मंदसौर लोक सभा निर्वाचन क्षेत्र
MP,Q3634168,4,Guna,country:in/state:mp/lok-sabha:4,country:in/state:mp,S12,GEN,गुना लोक सभा निर्वाचन क्षेत्र
MP,Q5094902,16,Chhindwara,country:in/state:mp/lok-sabha:16,country:in/state:mp,S12,GEN,छिंदवाड़ा लोक सभा निर्वाचन क्षेत्र
MP,Q4899044,29,Betul,country:in/state:mp/lok-sabha:29,country:in/state:mp,S12,ST,बेतूल लोक सभा निर्वाचन क्षेत्र
MP,Q279102,27,Khargone,country:in/state:mp/lok-sabha:27,country:in/state:mp,S12,ST,खरगोन लोक सभा निर्वाचन क्षेत्र
MP,Q6109952,13,Jabalpur,country:in/state:mp/lok-sabha:13,country:in/state:mp,S12,GEN,जबलपुर लोक सभा निर्वाचन क्षेत्र
MP,Q3630763,14,Mandla,country:in/state:mp/lok-sabha:14,country:in/state:mp,S12,ST,मण्डला लोक सभा निर्वाचन क्षेत्र
MP,Q3663904,1,Morena,country:in/state:mp/lok-sabha:1,country:in/state:mp,S12,GEN,मुरैना लोक सभा निर्वाचन क्षेत्र
MP,Q7801879,6,Tikamgarh,country:in/state:mp/lok-sabha:6,country:in/state:mp,S12,SC,टीकमगढ़ लोक सभा निर्वाचन क्षेत्र
MP,Q3634359,8,Khajuraho,country:in/state:mp/lok-sabha:8,country:in/state:mp,S12,GEN,खजुराहो लोक सभा निर्वाचन क्षेत्र
MP,Q3634216,28,Khandwa,country:in/state:mp/lok-sabha:28,country:in/state:mp,S12,GEN,खंडवा लोक सभा निर्वाचन क्षेत्र
ML,Q7853631,2,Tura (Lok Sabha constituency),country:in/state:ml/lok-sabha:2,country:in/state:ml,S15,ST,तुरा लोक सभा निर्वाचन क्षेत्र
ML,Q7496680,1,Shillong (Lok Sabha constituency),country:in/state:ml/lok-sabha:1,country:in/state:ml,S15,ST,शिलांग लोक सभा निर्वाचन क्षेत्र
MH,Q4996106,5,Buldhana,country:in/state:mh/lok-sabha:5,country:in/state:mh,S13,GEN,बुलढाना लोक सभा निर्वाचन क्षेत्र
MH,Q6727220,43,Madha,country:in/state:mh/lok-sabha:43,country:in/state:mh,S13,GEN,माधा लोक सभा निर्वाचन क्षेत्र
MH,Q3763891,45,Satara,country:in/state:mh/lok-sabha:45,country:in/state:mh,S13,GEN,सतारा लोक सभा निर्वाचन क्षेत्र
MH,Q6126754,3,Jalgaon,country:in/state:mh/lok-sabha:3,country:in/state:mh,S13,GEN,जलगांव लोक सभा निर्वाचन क्षेत्र
MH,Q3764391,6,Akola (Lok Sabha Constituency),country:in/state:mh/lok-sabha:6,country:in/state:mh,S13,GEN,अकोला (लोक सभा निर्वाचन क्षेत्र)
MH,Q7418045,44,Sangli,country:in/state:mh/lok-sabha:44,country:in/state:mh,S13,GEN,सांगली लोक सभा निर्वाचन क्षेत्र
MH,Q3764439,42,Solapur,country:in/state:mh/lok-sabha:42,country:in/state:mh,S13,SC,शोलापुर लोक सभा निर्वाचन क्षेत्र
MH,Q3764491,7,Amravati,country:in/state:mh/lok-sabha:7,country:in/state:mh,S13,SC,अमरावती लोक सभा निर्वाचन क्षेत्र
MH,Q3764361,9,Ramtek,country:in/state:mh/lok-sabha:9,country:in/state:mh,S13,SC,रामटेक लोक सभा निर्वाचन क्षेत्र
MH,Q6963393,1,Nandurbar,country:in/state:mh/lok-sabha:1,country:in/state:mh,S13,ST,नन्दुरबार लोक सभा निर्वाचन क्षेत्र
MH,Q3764433,11,Bhandara-Gondiya,country:in/state:mh/lok-sabha:11,country:in/state:mh,S13,GEN,भन्डारा गोंदिया लोक सभा निर्वाचन क्षेत्र
MH,Q3764479,8,Wardha,country:in/state:mh/lok-sabha:8,country:in/state:mh,S13,GEN,वर्धा लोक सभा निर्वाचन क्षेत्र
MH,Q7499000,36,Shirur,country:in/state:mh/lok-sabha:36,country:in/state:mh,S13,GEN,शिरूर लोक सभा निर्वाचन क्षेत्र
MH,Q4879723,39,Beed,country:in/state:mh/lok-sabha:39,country:in/state:mh,S13,GEN,बीड लोक सभा निर्वाचन क्षेत्र
MH,Q6794117,33,Maval,country:in/state:mh/lok-sabha:33,country:in/state:mh,S13,GEN,मावल लोक सभा निर्वाचन क्षेत्र
MH,Q3763828,17,Parbhani,country:in/state:mh/lok-sabha:17,country:in/state:mh,S13,GEN,परभनी लोक सभा निर्वाचन क्षेत्र
MH,Q7283812,32,Raigad,country:in/state:mh/lok-sabha:32,country:in/state:mh,S13,GEN,रायगड लोक सभा निर्वाचन क्षेत्र
MH,Q2738086,40,Osmanabad,country:in/state:mh/lok-sabha:40,country:in/state:mh,S13,GEN,उस्मानाबाद लोक सभा निर्वाचन क्षेत्र
MH,Q12460207,48,Hatkanangle,country:in/state:mh/lok-sabha:48,country:in/state:mh,S13,GEN,हातकणंगले लोक सभा निर्वाचन क्षेत्र
MH,Q5269854,2,Dhule,country:in/state:mh/lok-sabha:2,country:in/state:mh,S13,GEN,धुले लोक सभा निर्वाचन क्षेत्र
MH,Q12423118,12,Gadchiroli-Chimur,country:in/state:mh/lok-sabha:12,country:in/state:mh,S13,ST,गढ़चिरौली-चिमूर (लोक सभा निर्वाचन क्षेत्र)
MH,Q7296597,4,Raver,country:in/state:mh/lok-sabha:4,country:in/state:mh,S13,GEN,रावेर लोक सभा निर्वाचन क्षेत्र
MH,Q4901857,23,Bhiwandi,country:in/state:mh/lok-sabha:23,country:in/state:mh,S13,GEN,भिवंडी लोक सभा निर्वाचन क्षेत्र
MH,Q5278011,20,Dindori,country:in/state:mh/lok-sabha:20,country:in/state:mh,S13,ST,दिन्डोरी लोक सभा निर्वाचन क्षेत्र
MH,Q6126930,18,Jalna,country:in/state:mh/lok-sabha:18,country:in/state:mh,S13,GEN,जालना लोक सभा निर्वाचन क्षेत्र
MH,Q3763786,19,Aurangabad,country:in/state:mh/lok-sabha:19,country:in/state:mh,S13,GEN,औरंगाबाद लोक सभा निर्वाचन क्षेत्र
MH,Q2912408,13,Chandrapur,country:in/state:mh/lok-sabha:13,country:in/state:mh,S13,GEN,चन्द्रपुर लोक सभा निर्वाचन क्षेत्र
MH,Q6966848,21,Nashik,country:in/state:mh/lok-sabha:21,country:in/state:mh,S13,GEN,नासिक लोक सभा निर्वाचन क्षेत्र
MH,Q3763762,38,Shirdi,country:in/state:mh/lok-sabha:38,country:in/state:mh,S13,SC,शिरडी लोक सभा निर्वाचन क्षेत्र
MH,Q2912894,15,Hingoli,country:in/state:mh/lok-sabha:15,country:in/state:mh,S13,GEN,हिंगोली लोक सभा निर्वाचन क्षेत्र
MH,Q2738103,37,Ahmednagar,country:in/state:mh/lok-sabha:37,country:in/state:mh,S13,GEN,अहमदनगर लोक सभा निर्वाचन क्षेत्र
MH,Q7127479,22,Palghar,country:in/state:mh/lok-sabha:22,country:in/state:mh,S13,ST,पालघर लोक सभा निर्वाचन क्षेत्र
MH,Q3764461,41,Latur,country:in/state:mh/lok-sabha:41,country:in/state:mh,S13,SC,लातूर लोक सभा निर्वाचन क्षेत्र
MH,Q3764398,35,Baramati,country:in/state:mh/lok-sabha:35,country:in/state:mh,S13,GEN,बारामती लोक सभा निर्वाचन क्षेत्र
MH,Q12448769,46,Ratnagiri-Sindhudurg,country:in/state:mh/lok-sabha:46,country:in/state:mh,S13,GEN,रत्नागिरि-सिंधुदुर्ग लोक सभा निर्वाचन क्षेत्र
MH,Q13512172,47,Kolhapur,country:in/state:mh/lok-sabha:47,country:in/state:mh,S13,GEN,कोल्हापुर लोक सभा निर्वाचन क्षेत्र
MH,Q7710231,25,Thane,country:in/state:mh/lok-sabha:25,country:in/state:mh,S13,GEN,ठाणे लोक सभा निर्वाचन क्षेत्र
MH,Q6935304,26,Mumbai North,country:in/state:mh/lok-sabha:26,country:in/state:mh,S13,GEN,मुम्बई-उत्तर लोक सभा निर्वाचन क्षेत्र
MH,Q6935311,27,Mumbai North West,country:in/state:mh/lok-sabha:27,country:in/state:mh,S13,GEN,मुंबई उत्तर-पश्चिम लोक सभा निर्वाचन क्षेत्र
MH,Q6935309,28,Mumbai North East,country:in/state:mh/lok-sabha:28,country:in/state:mh,S13,GEN,मुम्बई उत्तर-पूर्व लोक सभा निर्वाचन क्षेत्र
MH,Q6935308,29,Mumbai North Central,country:in/state:mh/lok-sabha:29,country:in/state:mh,S13,GEN,मुम्बई उत्तर-मध्य लोक सभा निर्वाचन क्षेत्र
MH,Q12446954,31,Mumbai South,country:in/state:mh/lok-sabha:31,country:in/state:mh,S13,GEN,मुंबई - दक्षिण लोक सभा निर्वाचन क्षेत्र
MH,Q6935325,30,Mumbai South Central,country:in/state:mh/lok-sabha:30,country:in/state:mh,S13,GEN,मुम्बई दक्षिण-मध्य लोक सभा निर्वाचन क्षेत्र
MH,Q3763943,24,Kalyan,country:in/state:mh/lok-sabha:24,country:in/state:mh,S13,GEN,कल्याण लोक सभा निर्वाचन क्षेत्र
MH,Q7260097,34,Pune,country:in/state:mh/lok-sabha:34,country:in/state:mh,S13,GEN,पुणे लोक सभा निर्वाचन क्षेत्र
MH,Q3764021,16,Nanded,country:in/state:mh/lok-sabha:16,country:in/state:mh,S13,GEN,नांदेड़ लोक सभा निर्वाचन क्षेत्र
MH,Q8050386,14,Yavatmal-Washim,country:in/state:mh/lok-sabha:14,country:in/state:mh,S13,GEN,यवतमाल-वाशिम लोक सभा निर्वाचन क्षेत्र
MH,Q3764455,10,Nagpur,country:in/state:mh/lok-sabha:10,country:in/state:mh,S13,GEN,नागपुर लोक सभा निर्वाचन क्षेत्र
MZ,Q1659299,1,Mizoram,country:in/state:mz/lok-sabha:1,country:in/state:mz,S16,ST,मिज़ोरम लोक सभा निर्वाचन क्षेत्र
NL,Q1659313,1,Nagaland,country:in/state:nl/lok-sabha:1,country:in/state:nl,S17,GEN,नागालैंड लोक सभा निर्वाचन क्षेत्र
OD,Q4900550,7,Bhadrak,country:in/state:or/lok-sabha:7,country:in/state:or,S18,SC,भद्रक लोक सभा निर्वाचन क्षेत्र
OD,Q6124378,8,Jajpur,country:in/state:or/lok-sabha:8,country:in/state:or,S18,SC,जाजपुर लोक सभा निर्वाचन क्षेत्र
OD,Q7255845,3,Sambalpur,country:in/state:or/lok-sabha:3,country:in/state:or,S18,GEN,सम्बलपुर लोक सभा निर्वाचन क्षेत्र
OD,Q4850118,6,Balasore,country:in/state:or/lok-sabha:6,country:in/state:or,S18,GEN,बालासोर लोक सभा निर्वाचन क्षेत्र
OD,Q11059079,4,Keonjhar,country:in/state:or/lok-sabha:4,country:in/state:or,S18,ST,क्योंझर लोक सभा निर्वाचन क्षेत्र
OD,Q6798125,5,Mayurbhanj,country:in/state:or/lok-sabha:5,country:in/state:or,S18,ST,मयूरभंज लोक सभा निर्वाचन क्षेत्र
OD,Q7639274,2,Sundargarh,country:in/state:or/lok-sabha:2,country:in/state:or,S18,ST,सुन्दरगढ़ लोक सभा निर्वाचन क्षेत्र
OD,Q4860546,1,Bargarh,country:in/state:or/lok-sabha:1,country:in/state:or,S18,GEN,बरगढ़ लोक सभा निर्वाचन क्षेत्र
OD,Q5269512,9,Dhenkanal,country:in/state:or/lok-sabha:9,country:in/state:or,S18,GEN,ढेंकानाल लोक सभा निर्वाचन क्षेत्र
OD,Q4938935,10,Bolangir,country:in/state:or/lok-sabha:10,country:in/state:or,S18,GEN,बलांगिर लोक सभा निर्वाचन क्षेत्र
OD,Q6350138,11,Kalahandi,country:in/state:or/lok-sabha:11,country:in/state:or,S18,GEN,कलाहांडी लोक सभा निर्वाचन क्षेत्र
OD,Q11679513,13,Kandhamal,country:in/state:or/lok-sabha:13,country:in/state:or,S18,GEN,कंधमाल लोक सभा निर्वाचन क्षेत्र
OD,Q6389017,15,Kendrapara,country:in/state:or/lok-sabha:15,country:in/state:or,S18,GEN,केन्द्रपाड़ा लोक सभा निर्वाचन क्षेत्र
OD,Q5196922,14,Cuttack,country:in/state:or/lok-sabha:14,country:in/state:or,S18,GEN,कटक लोक सभा निर्वाचन क्षेत्र
OD,Q4902092,18,Bhubaneswar,country:in/state:or/lok-sabha:18,country:in/state:or,S18,GEN,भुवनेश्वर लोक सभा निर्वाचन क्षेत्र
OD,Q4807113,19,Aska,country:in/state:or/lok-sabha:19,country:in/state:or,S18,GEN,आस्का लोक सभा निर्वाचन क्षेत्र
OD,Q6122268,16,Jagatsinghpur,country:in/state:or/lok-sabha:16,country:in/state:or,S18,SC,जगतसिंहपुर लोक सभा निर्वाचन क्षेत्र
OD,Q6956755,12,Nabarangpur,country:in/state:or/lok-sabha:12,country:in/state:or,S18,ST,नबरंगपुर लोक सभा निर्वाचन क्षेत्र
OD,Q6431426,21,Koraput,country:in/state:or/lok-sabha:21,country:in/state:or,S18,ST,कोरापुट लोक सभा निर्वाचन क्षेत्र
OD,Q6528588,17,Puri,country:in/state:or/lok-sabha:17,country:in/state:or,S18,GEN,पुरी लोक सभा निर्वाचन क्षेत्र
OD,Q7255284,20,Berhampur,country:in/state:or/lok-sabha:20,country:in/state:or,S18,GEN,बरहमपुर लोक सभा निर्वाचन क्षेत्र
PB,Q6126633,4,Jalandhar,country:in/state:pb/lok-sabha:4,country:in/state:pb,S19,SC,जलंधर लोक सभा निर्वाचन क्षेत्र
PB,Q5908015,5,Hoshiarpur,country:in/state:pb/lok-sabha:5,country:in/state:pb,S19,SC,होशियारपुर लोक सभा निर्वाचन क्षेत्र
PB,Q5437417,8,Fatehgarh Sahib,country:in/state:pb/lok-sabha:8,country:in/state:pb,S19,SC,फतेहगढ़ साहिब लोक सभा निर्वाचन क्षेत्र
PB,Q5452175,10,Firozepur,country:in/state:pb/lok-sabha:10,country:in/state:pb,S19,GEN,फिरोजपुर लोक सभा निर्वाचन क्षेत्र
PB,Q7144911,13,Patiala,country:in/state:pb/lok-sabha:13,country:in/state:pb,S19,GEN,पटियाला लोक सभा निर्वाचन क्षेत्र
PB,Q4869032,11,Bathinda,country:in/state:pb/lok-sabha:11,country:in/state:pb,S19,GEN,भटिंडा लोक सभा निर्वाचन क्षेत्र
PB,Q5619909,1,Gurdaspur,country:in/state:pb/lok-sabha:1,country:in/state:pb,S19,GEN,गुरदासपुर लोक सभा निर्वाचन क्षेत्र
PB,Q4748702,2,Amritsar,country:in/state:pb/lok-sabha:2,country:in/state:pb,S19,GEN,अमृतसर लोक सभा निर्वाचन क्षेत्र
PB,Q6398926,3,Khadoor Sahib,country:in/state:pb/lok-sabha:3,country:in/state:pb,S19,GEN,खडूर साहिब लोक सभा निर्वाचन क्षेत्र
PB,Q4751375,6,Anandpur Sahib,country:in/state:pb/lok-sabha:6,country:in/state:pb,S19,GEN,आनंदपुर साहिब लोक सभा निर्वाचन क्षेत्र
PB,Q7418135,12,Sangrur,country:in/state:pb/lok-sabha:12,country:in/state:pb,S19,GEN,संगरूर लोक सभा निर्वाचन क्षेत्र
PB,Q6698772,7,Ludhiana,country:in/state:pb/lok-sabha:7,country:in/state:pb,S19,GEN,लुधियाना लोक सभा निर्वाचन क्षेत्र
PB,Q5435297,9,Faridkot,country:in/state:pb/lok-sabha:9,country:in/state:pb,S19,SC,फरीदकोट लोक सभा निर्वाचन क्षेत्र
PY,Q3532557,1,Puducherry,country:in/union-territory:py/lok-sabha:1,country:in/union-territory:py,U07,GEN,पुदुच्चेरी लोक सभा निर्वाचन क्षेत्र
RJ,Q5118333,3,Churu,country:in/state:rj/lok-sabha:3,country:in/state:rj,S20,GEN,चूरू लोक सभा निर्वाचन क्षेत्र
RJ,Q4907311,2,Bikaner,country:in/state:rj/lok-sabha:2,country:in/state:rj,S20,SC,बीकानेर लोक सभा निर्वाचन क्षेत्र
RJ,Q6191216,4,Jhunjhunu,country:in/state:rj/lok-sabha:4,country:in/state:rj,S20,GEN,झुंझुनू लोक सभा निर्वाचन क्षेत्र
RJ,Q4738368,8,Alwar,country:in/state:rj/lok-sabha:8,country:in/state:rj,S20,GEN,अलवर लोक सभा निर्वाचन क्षेत्र
RJ,Q6207835,16,Jodhpur,country:in/state:rj/lok-sabha:16,country:in/state:rj,S20,GEN,जोधपुर लोक सभा निर्वाचन क्षेत्र
RJ,Q7513596,5,Sikar,country:in/state:rj/lok-sabha:5,country:in/state:rj,S20,GEN,सीकर लोक सभा निर्वाचन क्षेत्र
RJ,Q6958697,14,Nagaur,country:in/state:rj/lok-sabha:14,country:in/state:rj,S20,GEN,नागौर लोक सभा निर्वाचन क्षेत्र
RJ,Q7821522,12,Tonk-Sawai Madhopur,country:in/state:rj/lok-sabha:12,country:in/state:rj,S20,GEN,टोंक-सवाई माधोपुर लोक सभा निर्वाचन क्षेत्र
RJ,Q4901252,9,Bharatpur,country:in/state:rj/lok-sabha:9,country:in/state:rj,S20,SC,भरतपुर लोक सभा निर्वाचन क्षेत्र
RJ,Q4861268,17,Barmer,country:in/state:rj/lok-sabha:17,country:in/state:rj,S20,GEN,बाड़मेर लोक सभा निर्वाचन क्षेत्र
RJ,Q4699904,13,Ajmer,country:in/state:rj/lok-sabha:13,country:in/state:rj,S20,GEN,अजमेर लोक सभा निर्वाचन क्षेत्र
RJ,Q6368815,10,Karauli–Dholpur,country:in/state:rj/lok-sabha:10,country:in/state:rj,S20,SC,करौली-धौलपुर लोक सभा निर्वाचन क्षेत्र
RJ,Q6190793,25,Jhalawar-Baran,country:in/state:rj/lok-sabha:25,country:in/state:rj,S20,GEN,झालावाड़-बारां लोक सभा निर्वाचन क्षेत्र
RJ,Q7286417,22,Rajsamand,country:in/state:rj/lok-sabha:22,country:in/state:rj,S20,GEN,राजसमन्द लोक सभा निर्वाचन क्षेत्र
RJ,Q6126953,18,Jalore,country:in/state:rj/lok-sabha:18,country:in/state:rj,S20,GEN,जालौर लोक सभा निर्वाचन क्षेत्र
RJ,Q4901736,23,Bhilwara,country:in/state:rj/lok-sabha:23,country:in/state:rj,S20,GEN,भीलवाड़ा लोक सभा निर्वाचन क्षेत्र
RJ,Q6433781,24,Kota,country:in/state:rj/lok-sabha:24,country:in/state:rj,S20,GEN,कोटा लोक सभा निर्वाचन क्षेत्र
RJ,Q7127504,15,Pali,country:in/state:rj/lok-sabha:15,country:in/state:rj,S20,GEN,पाली लोक सभा निर्वाचन क्षेत्र
RJ,Q5521052,1,Ganganagar,country:in/state:rj/lok-sabha:1,country:in/state:rj,S20,SC,श्रीगंगानगर लोक सभा निर्वाचन क्षेत्र
RJ,Q5228102,11,Dausa,country:in/state:rj/lok-sabha:11,country:in/state:rj,S20,ST,दौसा लोक सभा निर्वाचन क्षेत्र
RJ,Q5102518,21,Chittorgarh,country:in/state:rj/lok-sabha:21,country:in/state:rj,S20,GEN,चित्तौड़गढ़ लोक सभा निर्वाचन क्षेत्र
RJ,Q6124117,7,Jaipur,country:in/state:rj/lok-sabha:7,country:in/state:rj,S20,GEN,जयपुर लोक सभा निर्वाचन क्षेत्र
RJ,Q4857164,20,Banswara,country:in/state:rj/lok-sabha:20,country:in/state:rj,S20,ST,बांसवाड़ा लोक सभा निर्वाचन क्षेत्र
RJ,Q7876885,19,Udaipur,country:in/state:rj/lok-sabha:19,country:in/state:rj,S20,ST,उदयपुर लोक सभा निर्वाचन क्षेत्र
RJ,Q6124137,6,Jaipur Rural,country:in/state:rj/lok-sabha:6,country:in/state:rj,S20,GEN,जयपुर ग्रामीण लोक सभा निर्वाचन क्षेत्र
SK,Q1659321,1,Sikkim,country:in/state:sk/lok-sabha:1,country:in/state:sk,S21,GEN,सिक्किम लोक सभा निर्वाचन क्षेत्र
TN,Q5395251,17,Erode,country:in/state:tn/lok-sabha:17,country:in/state:tn,S22,GEN,इरोड लोक सभा निर्वाचन क्षेत्र
TN,Q3532578,37,Tenkasi,country:in/state:tn/lok-sabha:37,country:in/state:tn,S22,SC,तेनकासी लोक सभा निर्वाचन क्षेत्र
TN,Q3533981,38,Tirunelveli,country:in/state:tn/lok-sabha:38,country:in/state:tn,S22,GEN,तिरुनेलवेली लोक सभा निर्वाचन क्षेत्र
TN,Q12418045,39,Kanyakumari,country:in/state:tn/lok-sabha:39,country:in/state:tn,S22,GEN,कन्याकुमारी लोक सभा निर्वाचन क्षेत्र
TN,Q3534118,20,Coimbatore,country:in/state:tn/lok-sabha:20,country:in/state:tn,S22,GEN,कोयम्बटूर लोक सभा निर्वाचन क्षेत्र
TN,Q3534106,28,Mayiladuturai,country:in/state:tn/lok-sabha:28,country:in/state:tn,S22,GEN,मयिलादुतुरई लोक सभा निर्वाचन क्षेत्र
TN,Q3534214,25,Perambalur,country:in/state:tn/lok-sabha:25,country:in/state:tn,S22,GEN,पैरम्बलूर लोक सभा निर्वाचन क्षेत्र
TN,Q3532565,22,Dindigul,country:in/state:tn/lok-sabha:22,country:in/state:tn,S22,GEN,डिंडीगुल लोक सभा निर्वाचन क्षेत्र
TN,Q3534088,7,Arakkonam,country:in/state:tn/lok-sabha:7,country:in/state:tn,S22,GEN,अर्कोनम लोक सभा निर्वाचन क्षेत्र
TN,Q3532431,3,Chennai South,country:in/state:tn/lok-sabha:3,country:in/state:tn,S22,GEN,चेन्नई दक्षिण लोक सभा निर्वाचन क्षेत्र
TN,Q3534043,9,Krishnagiri,country:in/state:tn/lok-sabha:9,country:in/state:tn,S22,GEN,कृष्णागिरि लोक सभा निर्वाचन क्षेत्र
TN,Q3533589,12,Arani,country:in/state:tn/lok-sabha:12,country:in/state:tn,S22,GEN,अरानी लोक सभा निर्वाचन क्षेत्र
TN,Q7809457,11,Tiruvannamalai,country:in/state:tn/lok-sabha:11,country:in/state:tn,S22,GEN,तिरुवन्नामलाई लोक सभा निर्वाचन क्षेत्र
TN,Q3534197,5,Sriperumbudur,country:in/state:tn/lok-sabha:5,country:in/state:tn,S22,GEN,श्रीपेरूम्बुदूर लोक सभा निर्वाचन क्षेत्र
TN,Q3534098,8,Vellore,country:in/state:tn/lok-sabha:8,country:in/state:tn,S22,GEN,वेल्लौर लोक सभा निर्वाचन क्षेत्र
TN,Q12418931,6,Kancheepuram,country:in/state:tn/lok-sabha:6,country:in/state:tn,S22,SC,कांचीपुरम लोक सभा निर्वाचन क्षेत्र
TN,Q6353510,14,Kallakurichi,country:in/state:tn/lok-sabha:14,country:in/state:tn,S22,GEN,कल्लाकुरिची लोक सभा निर्वाचन क्षेत्र
TN,Q3534177,19,Nilgiris,country:in/state:tn/lok-sabha:19,country:in/state:tn,S22,SC,नीलगिरि लोक सभा निर्वाचन क्षेत्र
TN,Q3533974,27,Chidambaram,country:in/state:tn/lok-sabha:27,country:in/state:tn,S22,SC,चिदंबरम लोक सभा निर्वाचन क्षेत्र
TN,Q3532545,2,Chennai North,country:in/state:tn/lok-sabha:2,country:in/state:tn,S22,GEN,चेन्नई उत्तर लोक सभा निर्वाचन क्षेत्र
TN,Q3532474,4,Chennai Central,country:in/state:tn/lok-sabha:4,country:in/state:tn,S22,GEN,चेन्नई मध्य लोक सभा निर्वाचन क्षेत्र
TN,Q3534206,36,Thoothukudi,country:in/state:tn/lok-sabha:36,country:in/state:tn,S22,GEN,थूथुक्कुडी लोक सभा निर्वाचन क्षेत्र
TN,Q3533967,29,Nagapattinam,country:in/state:tn/lok-sabha:29,country:in/state:tn,S22,SC,नागापट्टिनम लोक सभा निर्वाचन क्षेत्र
TN,Q7785493,1,Thiruvallur,country:in/state:tn/lok-sabha:1,country:in/state:tn,S22,SC,तिरुवल्लूर लोक सभा निर्वाचन क्षेत्र
TN,Q3532551,13,Viluppuram,country:in/state:tn/lok-sabha:13,country:in/state:tn,S22,SC,विलुपुरम लोक सभा निर्वाचन क्षेत्र
TN,Q3534221,26,Cuddalore,country:in/state:tn/lok-sabha:26,country:in/state:tn,S22,GEN,कुड्डालोर लोक सभा निर्वाचन क्षेत्र
TN,Q3534136,31,Sivaganga,country:in/state:tn/lok-sabha:31,country:in/state:tn,S22,GEN,शिवगंगा लोक सभा निर्वाचन क्षेत्र
TN,Q7781368,33,Theni,country:in/state:tn/lok-sabha:33,country:in/state:tn,S22,GEN,थेनी लोक सभा निर्वाचन क्षेत्र
TN,Q3532492,35,Ramanathapuram,country:in/state:tn/lok-sabha:35,country:in/state:tn,S22,GEN,रामनाथपुरम लोक सभा निर्वाचन क्षेत्र
TN,Q6961238,16,Namakkal,country:in/state:tn/lok-sabha:16,country:in/state:tn,S22,GEN,नामाक्कल लोक सभा निर्वाचन क्षेत्र
TN,Q3534230,30,Thanjavur,country:in/state:tn/lok-sabha:30,country:in/state:tn,S22,GEN,तंजावूर लोक सभा निर्वाचन क्षेत्र
TN,Q3532420,24,Tiruchirappalli,country:in/state:tn/lok-sabha:24,country:in/state:tn,S22,GEN,तिरुचिरापल्ली लोक सभा निर्वाचन क्षेत्र
TN,Q3534217,21,Pollachi,country:in/state:tn/lok-sabha:21,country:in/state:tn,S22,GEN,पोल्लाची लोक सभा निर्वाचन क्षेत्र
TN,Q3532480,23,Karur,country:in/state:tn/lok-sabha:23,country:in/state:tn,S22,GEN,करूर लोक सभा निर्वाचन क्षेत्र
TN,Q3532436,10,Dharmapuri,country:in/state:tn/lok-sabha:10,country:in/state:tn,S22,GEN,धर्मपुरी लोक सभा निर्वाचन क्षेत्र
TN,Q3534013,32,Madurai,country:in/state:tn/lok-sabha:32,country:in/state:tn,S22,GEN,मदुरै लोक सभा निर्वाचन क्षेत्र
TN,Q3534127,34,Virudhunagar,country:in/state:tn/lok-sabha:34,country:in/state:tn,S22,GEN,विरुधुनगर लोक सभा निर्वाचन क्षेत्र
TN,Q7809406,18,Tiruppur,country:in/state:tn/lok-sabha:18,country:in/state:tn,S22,GEN,तिरूप्पुर लोक सभा निर्वाचन क्षेत्र
TN,Q3532569,15,Salem,country:in/state:tn/lok-sabha:15,country:in/state:tn,S22,GEN,सेलम लोक सभा निर्वाचन क्षेत्र
TR,Q7843852,2,Tripura East,country:in/state:tr/lok-sabha:2,country:in/state:tr,S23,ST,त्रिपुरा पूर्व लोक सभा निर्वाचन क्षेत्र
TR,Q7843879,1,Tripura West,country:in/state:tr/lok-sabha:1,country:in/state:tr,S23,GEN,त्रिपुरा पश्चिम लोक सभा निर्वाचन क्षेत्र
UK,Q3632592,3,Almora,country:in/state:ut/lok-sabha:3,country:in/state:ut,S28,SC,अल्मोड़ा लोक सभा निर्वाचन क्षेत्र
UK,Q5657364,5,Haridwar,country:in/state:ut/lok-sabha:5,country:in/state:ut,S28,GEN,हरिद्वार लोक सभा निर्वाचन क्षेत्र
UK,Q7694914,1,Tehri Garhwal,country:in/state:ut/lok-sabha:1,country:in/state:ut,S28,GEN,टिहरी गढ़वाल लोक सभा निर्वाचन क्षेत्र
UK,Q3632618,2,Garhwal,country:in/state:ut/lok-sabha:2,country:in/state:ut,S28,GEN,गढ़वाल लोक सभा निर्वाचन क्षेत्र
UK,Q6959714,4,Nainital-Udhamsingh Nagar,country:in/state:ut/lok-sabha:4,country:in/state:ut,S28,GEN,नैनीताल-ऊधमसिंह नगर लोक सभा निर्वाचन क्षेत्र
UP,Q7399517,1,Saharanpur,country:in/state:up/lok-sabha:1,country:in/state:up,S24,GEN,सहारनपुर लोक सभा निर्वाचन क्षेत्र
UP,Q12420818,2,Kairana,country:in/state:up/lok-sabha:2,country:in/state:up,S24,GEN,कैराना लोक सभा निर्वाचन क्षेत्र
UP,Q6958833,5,Nagina,country:in/state:up/lok-sabha:5,country:in/state:up,S24,SC,नगीना लोक सभा निर्वाचन क्षेत्र
UP,Q3630669,3,Muzaffarnagar,country:in/state:up/lok-sabha:3,country:in/state:up,S24,GEN,मुजफ्फरनगर लोक सभा निर्वाचन क्षेत्र
UP,Q3633352,11,Baghpat,country:in/state:up/lok-sabha:11,country:in/state:up,S24,GEN,बागपत लोक सभा निर्वाचन क्षेत्र
UP,Q3633418,9,Amroha,country:in/state:up/lok-sabha:9,country:in/state:up,S24,GEN,अमरोहा लोक सभा निर्वाचन क्षेत्र
UP,Q7409031,8,Sambhal,country:in/state:up/lok-sabha:8,country:in/state:up,S24,GEN,संभल लोक सभा निर्वाचन क्षेत्र
UP,Q12447565,10,Meerut,country:in/state:up/lok-sabha:10,country:in/state:up,S24,GEN,मेरठ लोक सभा निर्वाचन क्षेत्र
UP,Q6480280,68,Lalganj,country:in/state:up/lok-sabha:68,country:in/state:up,S24,SC,लालगंज लोक सभा निर्वाचन क्षेत्र
UP,Q6126683,45,Jalaun,country:in/state:up/lok-sabha:45,country:in/state:up,S24,GEN,जालौन लोक सभा निर्वाचन क्षेत्र
UP,Q7290061,7,Rampur,country:in/state:up/lok-sabha:7,country:in/state:up,S24,GEN,रामपुर लोक सभा निर्वाचन क्षेत्र
UP,Q5556091,12,Ghaziabad,country:in/state:up/lok-sabha:12,country:in/state:up,S24,GEN,गाज़ियाबाद लोक सभा निर्वाचन क्षेत्र
UP,Q7193997,26,Pilibhit,country:in/state:up/lok-sabha:26,country:in/state:up,S24,GEN,पीलीभीत लोक सभा निर्वाचन क्षेत्र
UP,Q3634190,14,Bulandshahr,country:in/state:up/lok-sabha:14,country:in/state:up,S24,SC,बुलन्दशहर लोक सभा निर्वाचन क्षेत्र
UP,Q13512175,28,Kheri,country:in/state:up/lok-sabha:28,country:in/state:up,S24,GEN,खीरी लोक सभा निर्वाचन क्षेत्र
UP,Q4860392,25,Bareilly,country:in/state:up/lok-sabha:25,country:in/state:up,S24,GEN,बरेली लोक सभा निर्वाचन क्षेत्र
UP,Q4778703,24,Aonla,country:in/state:up/lok-sabha:24,country:in/state:up,S24,GEN,आंवला लोक सभा निर्वाचन क्षेत्र
UP,Q4998317,23,Burdwan,country:in/state:up/lok-sabha:23,country:in/state:up,S24,GEN,
UP,Q7461799,27,Shahjahanpur,country:in/state:up/lok-sabha:27,country:in/state:up,S24,SC,शाहजहाँपुर लोक सभा निर्वाचन क्षेत्र
UP,Q4842725,56,Bahraich,country:in/state:up/lok-sabha:56,country:in/state:up,S24,SC,बहराइच लोक सभा निर्वाचन क्षेत्र
UP,Q371869,15,Aligarh,country:in/state:up/lok-sabha:15,country:in/state:up,S24,GEN,अलीगढ़ लोक सभा निर्वाचन क्षेत्र
UP,Q12434696,29,Dhaurahra,country:in/state:up/lok-sabha:29,country:in/state:up,S24,GEN,धौरहरा लोक सभा निर्वाचन क्षेत्र
UP,Q3634262,22,Etah,country:in/state:up/lok-sabha:22,country:in/state:up,S24,GEN,एटा लोक सभा निर्वाचन क्षेत्र
UP,Q3634234,17,Mathura,country:in/state:up/lok-sabha:17,country:in/state:up,S24,GEN,मथुरा लोक सभा निर्वाचन क्षेत्र
UP,Q5436365,40,Farrukhabad,country:in/state:up/lok-sabha:40,country:in/state:up,S24,GEN,फरुखाबाद लोक सभा निर्वाचन क्षेत्र
UP,Q5656282,31,Hardoi,country:in/state:up/lok-sabha:31,country:in/state:up,S24,SC,हरदोई लोक सभा निर्वाचन क्षेत्र
UP,Q5681557,16,Hathras,country:in/state:up/lok-sabha:16,country:in/state:up,S24,SC,हाथरस लोक सभा निर्वाचन क्षेत्र
UP,Q5289934,60,Domariyaganj,country:in/state:up/lok-sabha:60,country:in/state:up,S24,GEN,डुमरियागंज लोक सभा निर्वाचन क्षेत्र
UP,Q3630783,30,Sitapur,country:in/state:up/lok-sabha:30,country:in/state:up,S24,GEN,सीतापुर लोक सभा निर्वाचन क्षेत्र
UP,Q5452174,20,Firozabad,country:in/state:up/lok-sabha:20,country:in/state:up,S24,GEN,फिरोजाबाद लोक सभा निर्वाचन क्षेत्र
UP,Q6733274,63,Maharajganj,country:in/state:up/lok-sabha:63,country:in/state:up,S24,GEN,महाराजगंज लोक सभा निर्वाचन क्षेत्र
UP,Q6736725,21,Mainpuri,country:in/state:up/lok-sabha:21,country:in/state:up,S24,GEN,मैनपुरी लोक सभा निर्वाचन क्षेत्र
UP,Q3634204,57,Kaiserganj,country:in/state:up/lok-sabha:57,country:in/state:up,S24,GEN,कैसरगंज लोक सभा निर्वाचन क्षेत्र
UP,Q12424329,59,Gonda,country:in/state:up/lok-sabha:59,country:in/state:up,S24,GEN,गोंडा लोक सभा निर्वाचन क्षेत्र
UP,Q6875956,32,Misrikh,country:in/state:up/lok-sabha:32,country:in/state:up,S24,SC,मिसरिख लोक सभा निर्वाचन क्षेत्र
UP,Q3633461,53,Barabanki,country:in/state:up/lok-sabha:53,country:in/state:up,S24,SC,बाराबंकी लोक सभा निर्वाचन क्षेत्र
UP,Q12420304,65,Kushi Nagar,country:in/state:up/lok-sabha:65,country:in/state:up,S24,GEN,कुशीनगर लोक सभा निर्वाचन क्षेत्र
UP,Q5437430,19,Fatehpur Sikri,country:in/state:up/lok-sabha:19,country:in/state:up,S24,GEN,फतेहपुर सीकरी लोक सभा निर्वाचन क्षेत्र
UP,Q16193457,69,Azamgarh (Lok Sabha constituency),country:in/state:up/lok-sabha:69,country:in/state:up,S24,GEN,आज़मगढ़ लोक सभा निर्वाचन क्षेत्र
UP,Q4857123,67,Bansgaon,country:in/state:up/lok-sabha:67,country:in/state:up,S24,SC,बांसगांव लोक सभा निर्वाचन क्षेत्र
UP,Q4745924,37,Amethi,country:in/state:up/lok-sabha:37,country:in/state:up,S24,GEN,अमेठी लोक सभा निर्वाचन क्षेत्र
UP,Q3633316,44,Akbarpur,country:in/state:up/lok-sabha:44,country:in/state:up,S24,SC,अकबरपुर लोक सभा निर्वाचन क्षेत्र
UP,Q7281907,36,Rae Bareli,country:in/state:up/lok-sabha:36,country:in/state:up,S24,GEN,रायबरेली लोक सभा निर्वाचन क्षेत्र
UP,Q3823603,34,Mohanlalganj,country:in/state:up/lok-sabha:34,country:in/state:up,S24,SC,मोहनलाल गंज लोक सभा निर्वाचन क्षेत्र
UP,Q3634176,66,Deoria,country:in/state:up/lok-sabha:66,country:in/state:up,S24,GEN,देवरिया लोक सभा निर्वाचन क्षेत्र
UP,Q7419095,62,Sant Kabir Nagar,country:in/state:up/lok-sabha:62,country:in/state:up,S24,GEN,सन्त कबीर नगर लोक सभा निर्वाचन क्षेत्र
UP,Q5431351,54,Faizabad,country:in/state:up/lok-sabha:54,country:in/state:up,S24,GEN,फैजाबाद लोक सभा निर्वाचन क्षेत्र
UP,Q5402455,41,Etawah,country:in/state:up/lok-sabha:41,country:in/state:up,S24,SC,इटावा लोक सभा निर्वाचन क्षेत्र
UP,Q7636812,38,Sultanpur,country:in/state:up/lok-sabha:38,country:in/state:up,S24,GEN,सुल्तानपुर लोक सभा निर्वाचन क्षेत्र
UP,Q11031937,71,Salempur,country:in/state:up/lok-sabha:71,country:in/state:up,S24,GEN,सलेमपुर लोक सभा निर्वाचन क्षेत्र
UP,Q5557002,70,Ghosi,country:in/state:up/lok-sabha:70,country:in/state:up,S24,GEN,घोसी लोक सभा निर्वाचन क्षेत्र
UP,Q5070983,76,Chandauli,country:in/state:up/lok-sabha:76,country:in/state:up,S24,GEN,चन्दौली लोक सभा निर्वाचन क्षेत्र
UP,Q4730342,52,Allahabad,country:in/state:up/lok-sabha:52,country:in/state:up,S24,GEN,इलाहाबाद लोक सभा निर्वाचन क्षेत्र
UP,Q6874958,79,Mirzapur,country:in/state:up/lok-sabha:79,country:in/state:up,S24,GEN,मिर्जापुर लोक सभा निर्वाचन क्षेत्र
UP,Q7352073,80,Robertsganj,country:in/state:up/lok-sabha:80,country:in/state:up,S24,SC,रॉबर्ट्सगंज लोक सभा निर्वाचन क्षेत्र
UP,Q5437428,49,Fatehpur,country:in/state:up/lok-sabha:49,country:in/state:up,S24,GEN,फतेहपुर लोक सभा निर्वाचन क्षेत्र
UP,Q6164852,73,Jaunpur,country:in/state:up/lok-sabha:73,country:in/state:up,S24,GEN,जौनपुर लोक सभा निर्वाचन क्षेत्र
UP,Q7238619,39,Pratapgarh,country:in/state:up/lok-sabha:39,country:in/state:up,S24,GEN,प्रतापगढ़ लोक सभा निर्वाचन क्षेत्र
UP,Q5645332,47,Hamirpur,country:in/state:up/lok-sabha:47,country:in/state:up,S24,GEN,हमीरपुर (उत्तर प्रदेश) लोक सभा निर्वाचन क्षेत्र
UP,Q6378946,50,Kaushambi (Lok Sabha constituency),country:in/state:up/lok-sabha:50,country:in/state:up,S24,SC,कौशांबी लोक सभा निर्वाचन क्षेत्र
UP,Q4851665,72,Ballia,country:in/state:up/lok-sabha:72,country:in/state:up,S24,GEN,बलिया लोक सभा निर्वाचन क्षेत्र
UP,Q3634171,46,Jhansi,country:in/state:up/lok-sabha:46,country:in/state:up,S24,GEN,झांसी लोक सभा निर्वाचन क्षेत्र
UP,Q5556103,75,Ghazipur,country:in/state:up/lok-sabha:75,country:in/state:up,S24,GEN,गाजीपुर लोक सभा निर्वाचन क्षेत्र
UP,Q6723526,74,Machhlishahr,country:in/state:up/lok-sabha:74,country:in/state:up,S24,SC,मछलीशहर लोक सभा निर्वाचन क्षेत्र
UP,Q7188338,51,Phulpur,country:in/state:up/lok-sabha:51,country:in/state:up,S24,GEN,फूलपुर लोक सभा निर्वाचन क्षेत्र
UP,Q4900529,78,Bhadohi,country:in/state:up/lok-sabha:78,country:in/state:up,S24,GEN,भदोही लोक सभा निर्वाचन क्षेत्र
UP,Q4741186,55,Ambedkar Nagar,country:in/state:up/lok-sabha:55,country:in/state:up,S24,GEN,अम्बेडकर नगर लोक सभा निर्वाचन क्षेत्र
UP,Q1780136,48,Banda,country:in/state:up/lok-sabha:48,country:in/state:up,S24,GEN,बांदा लोक सभा निर्वाचन क्षेत्र
UP,Q11032972,43,Kanpur,country:in/state:up/lok-sabha:43,country:in/state:up,S24,GEN,कानपुर लोक सभा निर्वाचन क्षेत्र
UP,Q7897148,33,Unnao,country:in/state:up/lok-sabha:33,country:in/state:up,S24,GEN,उन्नाव लोक सभा निर्वाचन क्षेत्र
UP,Q12418036,42,Kannauj,country:in/state:up/lok-sabha:42,country:in/state:up,S24,GEN,कन्नौज लोक सभा निर्वाचन क्षेत्र
UP,Q6697765,35,Lucknow,country:in/state:up/lok-sabha:35,country:in/state:up,S24,GEN,लखनऊ लोक सभा निर्वाचन क्षेत्र
UP,Q3630705,77,Varanasi,country:in/state:up/lok-sabha:77,country:in/state:up,S24,GEN,वाराणसी लोक सभा निर्वाचन क्षेत्र
UP,Q5584396,64,Gorakhpur,country:in/state:up/lok-sabha:64,country:in/state:up,S24,GEN,गोरखपुर लोक सभा निर्वाचन क्षेत्र
UP,Q4868265,61,Basti,country:in/state:up/lok-sabha:61,country:in/state:up,S24,GEN,बस्ती लोक सभा निर्वाचन क्षेत्र
UP,Q7503442,58,Shrawasti,country:in/state:up/lok-sabha:58,country:in/state:up,S24,GEN,श्रावस्ती लोक सभा निर्वाचन क्षेत्र
UP,Q4693670,18,Agra,country:in/state:up/lok-sabha:18,country:in/state:up,S24,SC,आगरा लोकसभा निर्वाचन क्षेत्र
UP,Q5527870,13,Gautam Buddha Nagar,country:in/state:up/lok-sabha:13,country:in/state:up,S24,GEN,गौतम बुद्ध नगर लोक सभा निर्वाचन क्षेत्र
UP,Q3633391,4,Bijnor,country:in/state:up/lok-sabha:4,country:in/state:up,S24,GEN,बिजनौर लोक सभा निर्वाचन क्षेत्र
UP,Q3635773,6,Moradabad,country:in/state:up/lok-sabha:6,country:in/state:up,S24,GEN,मुरादाबाद लोक सभा निर्वाचन क्षेत्र
WB,Q5223069,4,Darjeeling,country:in/state:wb/lok-sabha:4,country:in/state:wb,S25,GEN,दार्जिलिंग लोक सभा निर्वाचन क्षेत्र
WB,Q4783993,29,Arambagh,country:in/state:wb/lok-sabha:29,country:in/state:wb,S25,SC,आरामबाग लोक सभा निर्वाचन क्षेत्र
WB,Q4858448,17,Barasat,country:in/state:wb/lok-sabha:17,country:in/state:wb,S25,GEN,बारासाट लोक सभा निर्वाचन क्षेत्र
WB,Q6806969,34,Medinipur,country:in/state:wb/lok-sabha:34,country:in/state:wb,S25,GEN,मेदिनीपुर लोक सभा निर्वाचन क्षेत्र
WB,Q3351485,30,Tamluk,country:in/state:wb/lok-sabha:30,country:in/state:wb,S25,GEN,तामलुक लोक सभा निर्वाचन क्षेत्र
WB,Q6939683,11,Murshidabad,country:in/state:wb/lok-sabha:11,country:in/state:wb,S25,GEN,मुर्शिदाबाद लोक सभा निर्वाचन क्षेत्र
WB,Q6437565,12,Krishnanagar,country:in/state:wb/lok-sabha:12,country:in/state:wb,S25,GEN,कृषनगर लोक सभा निर्वाचन क्षेत्र
WB,Q4915625,42,Birbhum,country:in/state:wb/lok-sabha:42,country:in/state:wb,S25,GEN,बीरभूम लोक सभा निर्वाचन क्षेत्र
WB,Q4940018,41,Bolpur,country:in/state:wb/lok-sabha:41,country:in/state:wb,S25,SC,बोलपुर लोक सभा निर्वाचन क्षेत्र
WB,Q4860137,39,Bardhaman-Durgapur,country:in/state:wb/lok-sabha:39,country:in/state:wb,S25,GEN,बर्धमान-दुर्गापुर लोक सभा निर्वाचन क्षेत्र
WB,Q7261625,35,Purulia,country:in/state:wb/lok-sabha:35,country:in/state:wb,S25,GEN,पुरूलिया लोक सभा निर्वाचन क्षेत्र
WB,Q4860138,38,Bardhaman Purba,country:in/state:wb/lok-sabha:38,country:in/state:wb,S25,SC,बर्धमान-पूर्बा लोक सभा निर्वाचन क्षेत्र
WB,Q4856799,36,Bankura,country:in/state:wb/lok-sabha:36,country:in/state:wb,S25,GEN,बांकुरा लोक सभा निर्वाचन क्षेत्र
WB,Q4803541,40,Asansol,country:in/state:wb/lok-sabha:40,country:in/state:wb,S25,GEN,आसनसोल लोक सभा निर्वाचन क्षेत्र
WB,Q7290693,13,Ranaghat,country:in/state:wb/lok-sabha:13,country:in/state:wb,S25,SC,राणाघाट लोक सभा निर्वाचन क्षेत्र
WB,Q4917381,37,Bishnupur,country:in/state:wb/lok-sabha:37,country:in/state:wb,S25,SC,विष्णुपुर लोक सभा निर्वाचन क्षेत्र
WB,Q6154054,9,Jangipur,country:in/state:wb/lok-sabha:9,country:in/state:wb,S25,GEN,जंगीपुर लोक सभा निर्वाचन क्षेत्र
WB,Q4853085,6,Balurghat,country:in/state:wb/lok-sabha:6,country:in/state:wb,S25,GEN,बलूरघाट लोक सभा निर्वाचन क्षेत्र
WB,Q6742776,7,Maldaha Uttar,country:in/state:wb/lok-sabha:7,country:in/state:wb,S25,GEN,मालदह उत्तर लोक सभा निर्वाचन क्षेत्र
WB,Q6427315,24,Kolkata Uttar,country:in/state:wb/lok-sabha:24,country:in/state:wb,S25,GEN,कोलकाता उत्तर लोक सभा निर्वाचन क्षेत्र
WB,Q6190927,33,Jhargram,country:in/state:wb/lok-sabha:33,country:in/state:wb,S25,ST,झाड़ग्राम लोक सभा निर्वाचन क्षेत्र
WB,Q3348171,23,Kolkata Dakshin,country:in/state:wb/lok-sabha:23,country:in/state:wb,S25,GEN,कोलकाता दक्षिण लोक सभा निर्वाचन क्षेत्र
WB,Q3348210,26,Uluberia,country:in/state:wb/lok-sabha:26,country:in/state:wb,S25,GEN,उलूबेरिया लोक सभा निर्वाचन क्षेत्र
WB,Q6787367,20,Mathurapur,country:in/state:wb/lok-sabha:20,country:in/state:wb,S25,SC,मथुरापुर लोक सभा निर्वाचन क्षेत्र
WB,Q6167862,19,Jaynagar (Lok Sabha constituency),country:in/state:wb/lok-sabha:19,country:in/state:wb,S25,SC,जयनगर लोक सभा निर्वाचन क्षेत्र
WB,Q5270807,21,Diamond Harbour,country:in/state:wb/lok-sabha:21,country:in/state:wb,S25,GEN,डायमंड हार्बर लोक सभा निर्वाचन क्षेत्र
WB,Q3351410,31,Kanthi,country:in/state:wb/lok-sabha:31,country:in/state:wb,S25,GEN,कांथी लोक सभा निर्वाचन क्षेत्र
WB,Q4867561,18,Basirhat,country:in/state:wb/lok-sabha:18,country:in/state:wb,S25,GEN,बसीरहाट लोक सभा निर्वाचन क्षेत्र
WB,Q4855093,14,Bangaon,country:in/state:wb/lok-sabha:14,country:in/state:wb,S25,SC,बनगाँव लोक सभा निर्वाचन क्षेत्र
WB,Q3351420,1,Cooch Behar,country:in/state:wb/lok-sabha:1,country:in/state:wb,S25,SC,कूचबिहार लोक सभा निर्वाचन क्षेत्र
WB,Q4726846,2,Alipurduars,country:in/state:wb/lok-sabha:2,country:in/state:wb,S25,ST,अलीपुरद्वार लोक सभा निर्वाचन क्षेत्र
WB,Q3348198,3,Jalpaiguri,country:in/state:wb/lok-sabha:3,country:in/state:wb,S25,SC,जलपाईगुड़ी लोक सभा निर्वाचन क्षेत्र
WB,Q4863171,15,Barrackpore,country:in/state:wb/lok-sabha:15,country:in/state:wb,S25,GEN,बैरकपुर लोक सभा निर्वाचन क्षेत्र
WB,Q3348243,25,Howrah,country:in/state:wb/lok-sabha:25,country:in/state:wb,S25,GEN,हावड़ा लोक सभा निर्वाचन क्षेत्र
WB,Q12428678,22,Jadavpur,country:in/state:wb/lok-sabha:22,country:in/state:wb,S25,GEN,यादवपुर
WB,Q12460669,28,Hooghly,country:in/state:wb/lok-sabha:28,country:in/state:wb,S25,GEN,हुगली लोक सभा निर्वाचन क्षेत्र
WB,Q7585738,27,Sreerampur,country:in/state:wb/lok-sabha:27,country:in/state:wb,S25,GEN,सेरमपुर लोक सभा निर्वाचन क्षेत्र
WB,Q4842446,10,Baharampur,country:in/state:wb/lok-sabha:10,country:in/state:wb,S25,GEN,बहरामपुर लोक सभा निर्वाचन क्षेत्र
WB,Q6742775,8,Maldaha Dakshin,country:in/state:wb/lok-sabha:8,country:in/state:wb,S25,GEN,मालदह दक्षिण लोक सभा निर्वाचन क्षेत्र
WB,Q12449852,5,Raiganj,country:in/state:wb/lok-sabha:5,country:in/state:wb,S25,GEN,रायगंज लोक सभा निर्वाचन क्षेत्र
WB,Q5555886,32,Ghatal,country:in/state:wb/lok-sabha:32,country:in/state:wb,S25,GEN,घाटल लोक सभा निर्वाचन क्षेत्र
WB,Q5313570,16,Dum Dum,country:in/state:wb/lok-sabha:16,country:in/state:wb,S25,GEN,दमदम लोक सभा निर्वाचन क्षेत्र
GJ,Q6344634,1,Kachchh,country:in/state:gj/lok-sabha:1,country:in/state:gj,S06,SC,कच्छ लोक सभा निर्वाचन क्षेत्र
LD,Q6479803,1,Lakshadweep,country:in/union-territory:ld/lok-sabha:1,country:in/union-territory:ld,U06,ST,लक्षद्वीप लोक सभा निर्वाचन क्षेत्र
